Company Name,Website,Email,Additional Emails,Phone,Tags
surakbbq.com,https://surakbbq.com/contact.php,surakbbqlongbeach@gmail.com,info@email.com,+15625495301,long beach california restaurants
restaurantobserver.com,https://restaurantobserver.com/tag/annapolis/,,,+15939684848,long beach california restaurants
restaurantobserver.com,https://restaurantobserver.com/tag/florida/,,,+12722303037,long beach california restaurants
restaurantobserver.com,https://restaurantobserver.com/category/hot-cities/los-angeles/,,,+11888398898,long beach california restaurants
restaurantobserver.com,https://restaurantobserver.com/tag/atlanta/,,,+12637727765,long beach california restaurants
restaurantobserver.com,https://restaurantobserver.com/tag/baltimore/,,,+10702101017,long beach california restaurants
restaurantobserver.com,https://restaurantobserver.com/contact/,,,+17939684848,long beach california restaurants
restaurantobserver.com,https://restaurantobserver.com/tag/denver/,,,+14848484214,long beach california restaurants
restaurantobserver.com,https://restaurantobserver.com/tag/roseville/,,,+15252515813,long beach california restaurants
www.kingsfishhouse.com,https://www.kingsfishhouse.com/longbeach,joehernandez@kingsseafood.com,mgifford@kingsseafood.com; you@example.com; PineAvenue@kingsseafood.com; megifford@kingsseafood.com,+11464663750,long beach california restaurants
restaurantobserver.com,https://restaurantobserver.com/tag/alpharetta/,,,+11063653633,long beach california restaurants
restaurantobserver.com,https://restaurantobserver.com/tag/colorado-springs/,,,+10005171716,long beach california restaurants
ordering.chownow.com,https://ordering.chownow.com/order/14122/locations,,,+18386252841,long beach california restaurants
restaurantobserver.com,https://restaurantobserver.com/tag/santa-fe/,,,+13439303033,long beach california restaurants
restaurantobserver.com,https://restaurantobserver.com/tag/wilmington/,,,+16868686234,long beach california restaurants
restaurantobserver.com,https://restaurantobserver.com/tag/farmington/,,,+11712010806,long beach california restaurants
resy.com,https://resy.com/cities/lgb/ellies-ca,,,+11647563479,long beach california restaurants
restaurantobserver.com,https://restaurantobserver.com/tag/evansville/,,,+13369246164,long beach california restaurants
www.ajiperuviancuisine.com,https://www.ajiperuviancuisine.com/,ajiperuviancuisine@gmail.com,605a7baede844d278b89dc95ae0a9123@sentry-next.wixpress.com,+10257609233,long beach california restaurants
restaurantobserver.com,https://restaurantobserver.com/category/hot-cities/denver/,,,+11651544646,long beach california restaurants
www.ribcompany.com,https://www.ribcompany.com/,,,+19496312110,long beach california restaurants
restaurantobserver.com,https://restaurantobserver.com/privacy-policy/,,,+10213051216,long beach california restaurants
restaurantobserver.com,https://restaurantobserver.com/category/hot-cities/miami/,,,+14216130009,long beach california restaurants
restaurantobserver.com,https://restaurantobserver.com/category/hot-cities/colorado-springs/,,,+17277656461,long beach california restaurants
restaurantobserver.com,https://restaurantobserver.com/tag/dayton/,,,+16959082828,long beach california restaurants
restaurantobserver.com,https://restaurantobserver.com/tag/chicago/,,,+17909587878,long beach california restaurants
restaurantobserver.com,https://restaurantobserver.com/tag/emeryville/,,,+17878787224,long beach california restaurants
www.cafesevilla.com,https://www.cafesevilla.com/reservations,,,+11547382071,long beach california restaurants
shenaniganslb.com,http://shenaniganslb.com/,wendy.young.booking@gmail.com,,+13333333333,long beach california restaurants
restaurantobserver.com,https://restaurantobserver.com/restaurants-in-huntington-beach-ca/,contact.heirloomhb@gmail.com,info@cucinaalissarestaurants.com; brianne.clancy@gmail.com; 2062d0a4929b45348643784b5cb39c36@sentry.wixpress.com; info@cucinaalessarestaurants.com; info@redtablerestaurants.com; user@domain.com; donotreply@contactwebsite.net; matsu714@hotmail.com; 0e6a29e4756740a8a63493e912ba2174@sentry.wixpress.com; 605a7baede844d278b89dc95ae0a9123@sentry-next.wixpress.com; 8eb368c655b84e029ed79ad7a5c1718e@sentry.wixpress.com; 8c4075d5481d476e945486754f783364@sentry.io; 18d2f96d279149989b95faf0a4b41882@sentry-next.wixpress.com; matsurestauranthb@gmail.com; baf30a2b91654c5a840931f0137bed30@sentry.wixpress.com; 5d1795a2db124a268f1e1bd88f503500@sentry.wixpress.com,+13871746666,long beach california restaurants
restaurantobserver.com,https://restaurantobserver.com/tag/las-vegas/,,,+11742033926,long beach california restaurants
restaurantobserver.com,https://restaurantobserver.com/category/other-cities/,,,+13333316278,long beach california restaurants
ellieslbc.com,https://ellieslbc.com/,user@domain.com,hello@ellieslbc.com,+11000005277,long beach california restaurants
www.theatticonbroadway.com,https://www.theatticonbroadway.com/,info@theatticonbroadway.com,,+18782025060,long beach california restaurants
restaurantobserver.com,https://restaurantobserver.com/tag/lakewood/,,,+19095868082,long beach california restaurants
restaurantobserver.com,https://restaurantobserver.com/tag/charlotte/,,,+11742033926,long beach california restaurants
www.cafesevilla.com,https://www.cafesevilla.com/,,,+10531202204,long beach california restaurants
restaurantobserver.com,https://restaurantobserver.com/tag/burlington/,,,+13237252524,long beach california restaurants
restaurantobserver.com,https://restaurantobserver.com/tag/jackson/,,,+16423263434,long beach california restaurants
queensviewsteakhouse.com,https://queensviewsteakhouse.com/,ser_001_selectrestaurants@2x.jpg,ser_001_selectrestaurants@2x-217x300.jpg,+12438242339,long beach california restaurants
restaurantobserver.com,https://restaurantobserver.com/tag/new-york/,,,+16267747270,long beach california restaurants
www.theordinarie.com,https://www.theordinarie.com/,2062d0a4929b45348643784b5cb39c36@sentry.wixpress.com,Info@theordinarie.com; Info@TheOrdinarie.com; 605a7baede844d278b89dc95ae0a9123@sentry-next.wixpress.com; 8eb368c655b84e029ed79ad7a5c1718e@sentry.wixpress.com,+16577613973,long beach california restaurants
thaidistrictrestaurant.com,https://thaidistrictrestaurant.com/,info@organicharvestgardens.com,,+19513290887,long beach california restaurants
utopiarestaurant.net,https://utopiarestaurant.net/,,,+13331109333,long beach california restaurants
queensviewsteakhouse.com,https://queensviewsteakhouse.com/reservations/,ser_001_selectrestaurants@2x.jpg,ser_001_selectrestaurants@2x-217x300.jpg,+11501945813,long beach california restaurants
restaurantobserver.com,https://restaurantobserver.com/tag/houston/,,,+11207134045,long beach california restaurants
restaurantobserver.com,https://restaurantobserver.com/tag/amarillo/,,,+13134262627,long beach california restaurants
restaurantobserver.com,https://restaurantobserver.com/category/hot-cities/houston/,,,+18184969697,long beach california restaurants
thesociallistlb.com,https://thesociallistlb.com/,,,+11752650731,long beach california restaurants
restaurantobserver.com,https://restaurantobserver.com/category/hot-cities/,,,+13737356163,long beach california restaurants
restaurantobserver.com,https://restaurantobserver.com/category/other-cities/dallas/,,,+13638767373,long beach california restaurants
restaurantobserver.com,https://restaurantobserver.com/category/hot-cities/indianapolis/,,,+15851505301,long beach california restaurants
restaurantobserver.com,https://restaurantobserver.com/category/hot-cities/san-diego/,,,+13918690978,long beach california restaurants
pinterest.com,https://pinterest.com/pin/create/button/?url=https%3A%2F%2Frestaurantobserver.com%2Frestaurants-in-long-beach-california%2F,,,+11752650739,long beach california restaurants
restaurantobserver.com,https://restaurantobserver.com/tag/indianapolis/,,,+14441535357,long beach california restaurants
restaurantobserver.com,https://restaurantobserver.com/tag/torrance/,,,+15808597969,long beach california restaurants
restaurantobserver.com,https://restaurantobserver.com/tag/dallas/,,,+14247545250,long beach california restaurants
restaurantobserver.com,https://restaurantobserver.com/tag/charleston/,,,+13513160404,long beach california restaurants
restaurantobserver.com,https://restaurantobserver.com/tag/des-moines/,,,+12053550603,long beach california restaurants
restaurantobserver.com,https://restaurantobserver.com/tag/san-diego/,,,+18386949594,long beach california restaurants
knollsrestaurant.com,http://knollsrestaurant.com/,,,+11748906838,long beach california restaurants
restaurantobserver.com,https://restaurantobserver.com/category/hot-cities/new-york/,,,+18287959596,long beach california restaurants
restaurantobserver.com,https://restaurantobserver.com/tag/delaware/,,,+16767653133,long beach california restaurants
restaurantobserver.com,https://restaurantobserver.com/category/hot-cities/new-orleans/,,,+12722303033,long beach california restaurants
restaurantobserver.com,https://restaurantobserver.com/,,,+10508151003,long beach california restaurants
restaurantobserver.com,https://restaurantobserver.com/tag/edison/,,,+12672776565,long beach california restaurants
restaurantobserver.com,https://restaurantobserver.com/tag/los-angeles/,,,+13924213332,long beach california restaurants
restaurantobserver.com,https://restaurantobserver.com/tag/detroit/,,,+17578717172,long beach california restaurants
restaurantobserver.com,https://restaurantobserver.com/category/hot-cities/minneapolis/,,,+16351465057,long beach california restaurants
surakbbq.com,https://surakbbq.com/,,,+15624957872,long beach california restaurants
restaurantobserver.com,https://restaurantobserver.com/tag/colorado/,,,+11858092939,long beach california restaurants
restaurantobserver.com,https://restaurantobserver.com/tag/miami/,,,+14449545142,long beach california restaurants
www.kingsfishhouse.com,https://www.kingsfishhouse.com/,you@example.com,,+11464663750,long beach california restaurants
restaurantobserver.com,https://restaurantobserver.com/tag/myrtle-beach/,,,+14453101507,long beach california restaurants
restaurantobserver.com,https://restaurantobserver.com/restaurants-in-jacksonville-beach-florida/,telldon@tacolu.com,jaxspicefamily@jaxspice.com,+11667470325,long beach california restaurants
restaurantobserver.com,https://restaurantobserver.com/tag/plainfield/,,,+11519570401,long beach california restaurants
restaurantobserver.com,https://restaurantobserver.com/tag/zanesville/,,,+14949494315,long beach california restaurants
restaurantobserver.com,https://restaurantobserver.com,,,+16175366300,long beach california restaurants
restaurantobserver.com,https://restaurantobserver.com/category/hot-cities/cincinnati/,,,+13530222226,long beach california restaurants
restaurantobserver.com,https://restaurantobserver.com/category/hot-cities/chicago/,,,+16034312323,long beach california restaurants
thesociallistlb.com,https://thesociallistlb.com/contact/,,,+11752650825,long beach california restaurants
www.theordinarie.com,https://www.theordinarie.com/reservations,2062d0a4929b45348643784b5cb39c36@sentry.wixpress.com,Info@theordinarie.com; Info@TheOrdinarie.com; 605a7baede844d278b89dc95ae0a9123@sentry-next.wixpress.com; 8eb368c655b84e029ed79ad7a5c1718e@sentry.wixpress.com,+16577613973,long beach california restaurants
restaurantobserver.com,https://restaurantobserver.com/tag/richmond/,,,+11878290909,long beach california restaurants
restaurantobserver.com,https://restaurantobserver.com/tag/austin/,,,+16469747162,long beach california restaurants
restaurantobserver.com,https://restaurantobserver.com/category/hot-cities/las-vegas/,,,+15122247772,long beach california restaurants
restaurantobserver.com,https://restaurantobserver.com/restaurants-in-long-island-new-york/,,,+11668161734,long beach california restaurants
ordering.chownow.com,https://ordering.chownow.com/order/5441/locations?add_cn_ordering_class=true,,,+18386252841,long beach california restaurants
restaurantobserver.com,https://restaurantobserver.com/tag/arizona/,,,+11015070700,long beach california restaurants
restaurantobserver.com,https://restaurantobserver.com/category/hot-cities/washington-d-c/,,,+14216130009,long beach california restaurants
restaurantobserver.com,https://restaurantobserver.com/tag/birmingham/,,,+10346435151,long beach california restaurants
restaurantobserver.com,https://restaurantobserver.com/tag/boston/,,,+12053550603,long beach california restaurants
restaurantobserver.com,https://restaurantobserver.com/tag/bloomington/,,,+11742033926,long beach california restaurants
restaurantobserver.com,https://restaurantobserver.com/about-us/,,,+13372277710,long beach california restaurants
restaurantobserver.com,https://restaurantobserver.com/tag/fort-collins/,,,+17939684848,long beach california restaurants
restaurantobserver.com,https://restaurantobserver.com/tag/lafayette/,,,+14742505054,long beach california restaurants
restaurantobserver.com,https://restaurantobserver.com/tag/pittsburgh/,,,+16034312323,long beach california restaurants
restaurantobserver.com,https://restaurantobserver.com/tag/venice/,,,+11566606533,long beach california restaurants
restaurantobserver.com,https://restaurantobserver.com/tag/carmel/,,,+10202005456,long beach california restaurants
restaurantobserver.com,https://restaurantobserver.com/tag/alabama/,,,+16034312323,long beach california restaurants
restaurantobserver.com,https://restaurantobserver.com/tag/albuquerque/,,,+17828795949,long beach california restaurants
restaurantobserver.com,https://restaurantobserver.com/tag/worcester/,,,+17506005356,long beach california restaurants
www.seatme.yelp.com,https://www.seatme.yelp.com/r/tantalum-restaurant/,,,+11193376197,long beach california restaurants
www.seabirdskitchen.com,https://www.seabirdskitchen.com/,user@domain.com,stephanie@seabirdskitchen.com,+11712079871,long beach california restaurants
restaurantobserver.com,https://restaurantobserver.com/tag/arlington/,,,+12053550603,long beach california restaurants
restaurantobserver.com,https://restaurantobserver.com/tag/fargo/,,,+10409000003,long beach california restaurants
restaurantobserver.com,https://restaurantobserver.com/tag/springfield/,,,+14449545142,long beach california restaurants
restaurantobserver.com,https://restaurantobserver.com/category/hot-cities/atlanta/,,,+15757550648,long beach california restaurants
restaurantobserver.com,https://restaurantobserver.com/category/hot-cities/orlando/,,,+15105001213,long beach california restaurants
utopiarestaurant.net,https://utopiarestaurant.net/contact-us,,,+13331109333,long beach california restaurants
www.ajiperuviancuisine.com,https://www.ajiperuviancuisine.com/contact,ajiperuviancuisine@gmail.com,605a7baede844d278b89dc95ae0a9123@sentry-next.wixpress.com,+10257609233,long beach california restaurants
restaurantobserver.com,https://restaurantobserver.com/restaurants-in-palm-beach-gardens-florida/,michelle@salute2u.com,,+13237252524,long beach california restaurants
restaurantobserver.com,https://restaurantobserver.com/category/hot-cities/boston/,,,+14247545250,long beach california restaurants
www.eater.com,https://www.eater.com/gastropod-podcast-episodes,,,+12779773418,long beach california restaurants
www.thrillist.com,https://www.thrillist.com/,,,+11751039538,long beach california restaurants
www.malibu-farm.com,http://www.malibu-farm.com/,email@address.com,,+11101907363,long beach california restaurants
www.voxmedia.com,https://www.voxmedia.com/pages/licensing,popsugar@wrightsmedia.com,thedodo@wrightsmedia.com; press@voxmedia.com; thrillist@wrightsmedia.com; thestrategist@wrightsmedia.com; theverge@wrightsmedia.com,+11736960400,long beach california restaurants
www.eater.com,https://www.eater.com/authors/matthew-kang,kang@eater.com,,+18008658008,long beach california restaurants
www.google.com,https://www.google.com/maps/search/?api=1&query=Malibu%20Seafood%2C%2025653%20Pacific%20Coast%20Hwy%20(at%20Corral%20Canyon%20Rd.)%2C%20Malibu%2C%20CA%2090265,,,+13107616508,long beach california restaurants
www.hiho.la,http://www.hiho.la/,press@hiho.la,eat@hiho.la,+19999999999,long beach california restaurants
www.voxmedia.com,https://www.voxmedia.com/legal/terms-of-use,press@voxmedia.com,TOS.Disputes@voxmedia.com; copyright@voxmedia.com,+11736960400,long beach california restaurants
www.thestrandhousemb.com,https://www.thestrandhousemb.com/,press@thestrandhousemb.com,info@thestrandhousemb.com; smallevents@thestrandhousemb.com; work@thestrandhousemb.com; events@thestrandhousemb.com,+11184112949,long beach california restaurants
www.youtube.com,https://www.youtube.com/user/eater1,,,+11752650938,long beach california restaurants
www.google.com,https://www.google.com/maps/search/?api=1&query=Broad%20Street%20Oyster%20Company%2C%201%20Main%20Street%2C%20Huntington%20Beach%2C%20California%2092648,,,+16586914999,long beach california restaurants
www.google.com,https://www.google.com/maps/search/?api=1&query=Mastro%E2%80%99s%20Ocean%20Club%2C%2018412%20Pacific%20Coast%20Hwy%2C%20Malibu%2C%20CA%2090265,,,+17283888107,long beach california restaurants
www.voxmedia.com,https://www.voxmedia.com/legal/cookie-policy,aaron@incitecreativeinc.com,press@voxmedia.com; vmprivacy@voxmedia.com,+11736960400,long beach california restaurants
www.eater.com,https://www.eater.com/press-room,dane.mcmillan@voxmedia.com,lauren.starke@voxmedia.com; u003edane.mcmillan@voxmedia.com; u003elauren.starke@voxmedia.com,+18960129389,long beach california restaurants
www.thegeorgian.com,https://www.thegeorgian.com/drink-and-dine.htm,sirena@thegeorgian.com,info@thegeorgian.com; tgr@thegeorgian.com; thegeorgian@purplepr.com; events@thegeorgian.com,+13103959945,long beach california restaurants
www.google.com,https://www.google.com/maps/search/?api=1&query=Fishing%20With%20Dynamite%2C%201148%20Manhattan%20Ave%2C%20Manhattan%20Beach%2C%20CA%2090266%2C%20USA,,,+11156419539,long beach california restaurants
www.youtube.com,https://www.youtube.com/user/eater1/videos,,,+13888000000,long beach california restaurants
www.mastrosrestaurants.com,https://www.mastrosrestaurants.com/Locations/CA/Malibu/,,,+17738910533,long beach california restaurants
www.eater.com,http://www.eater.com/pages/eater-community-guidelines,tips@eater.com,u003etips@eater.com,+16469005148,long beach california restaurants
www.broadstreetoyster.com,https://www.broadstreetoyster.com/,13e49d785d8d4f828038b6136f3b48ba@sentry.io,info@broadstreetoyster.com,+11650325977,long beach california restaurants
www.malibuseafood.com,http://www.malibuseafood.com/,,,+11713829514,long beach california restaurants
punchdrink.com,https://punchdrink.com/articles/best-new-bartenders-2025/,editorial@punchdrink.com,info@punchdrink.com; partnerships@punchdrink.com,+10992840225,long beach california restaurants
www.eater.com,https://www.eater.com/pages/eater-ethics-statement,,,+16469005148,long beach california restaurants
www.eater.com,https://www.eater.com/newsletters,,,+16469005148,long beach california restaurants
www.eater.com,https://www.eater.com/rss/index.xml,,,+14232101131,long beach california restaurants
www.eater.com,https://www.eater.com/trends/892222/vegetable-dessert-restaurant-trend,,,+13557852617,long beach california restaurants
www.voxmedia.com,https://www.voxmedia.com/legal/privacy-notice,aaron@incitecreativeinc.com,press@voxmedia.com; vmprivacy@voxmedia.com,+11736960400,long beach california restaurants
www.google.com,https://www.google.com/maps/search/?api=1&query=Sirena%2C%201415%20Ocean%20Avenue%2C%20Santa%20Monica%2C%20California%2090401,,,+15094674857,long beach california restaurants
www.voxmedia.com,https://www.voxmedia.com,press@voxmedia.com,,+11736960400,long beach california restaurants
www.google.com,https://www.google.com/maps/search/?api=1&query=Paradise%20Cove%20Beach%20Cafe%2C%2028128%20Pacific%20Coast%20Highway%2C%20Malibu%2C%20California%2090265,,,+10017843937,long beach california restaurants
www.google.com,https://www.google.com/maps/search/?api=1&query=Playa%20Provisions%2C%20119%20Culver%20Blvd%2C%20Playa%20Del%20Rey%2C%20CA%2090293%2C%20USA,,,+19895800757,long beach california restaurants
apps.apple.com,https://apps.apple.com/app/apple-store/id6469005148?pt=541474&ct=Eater_NavBar_1016launch&mt=8,appfeedback@nymag.com,,+17240383421,long beach california restaurants
thelobster.com,http://thelobster.com/,user@domain.com,9.6.24TheLobster@TRosePhotos-42.jpg,+16878130217,long beach california restaurants
www.google.com,https://www.google.com/maps/search/?api=1&query=The%20Strand%20House%2C%20117%20Manhattan%20Beach%20Blvd%2C%20Manhattan%20Beach%2C%20CA%2090266%2C%20USA,,,+11626375602,long beach california restaurants
eatfwd.com,http://eatfwd.com/,Asset-13@4x-416x416.webp,Asset-13@4x-150x150.webp; Asset-13@4x-768x767.webp; Asset-13@4x-300x300.webp; Asset-13@4x-100x100.webp; Asset-13@4x-324x324.webp; Asset-13@4x.webp,+13327636718,long beach california restaurants
status.voxmedia.com,https://status.voxmedia.com,,,+11752650992,long beach california restaurants
www.redondobeachcrabhouse.com,http://www.redondobeachcrabhouse.com/,info@redondobeachcrabhouse.com,,+13103762244,long beach california restaurants
www.google.com,https://www.google.com/maps/search/?api=1&query=HiHo%20Cheeseburger%2C%204625%20Admiralty%20Way%2C%20Marina%20Del%20Rey%2C%20CA%2090292%2C%20USA,,,+13355607490,long beach california restaurants
www.eater.com,https://www.eater.com/pages/about,,,+15183277480,long beach california restaurants
www.eater.com,https://www.eater.com/pages/eater-maps-methodology,,,+18882767153,long beach california restaurants
wonhophoto.com,http://wonhophoto.com/,,,+16822519536,long beach california restaurants
www.playaprovisions.com,http://www.playaprovisions.com/,info@playaprovisions.com,,+11565288798,long beach california restaurants
www.eater.com,http://www.eater.com/pages/masthead,jordan.shalhoub@voxmedia.com,ben.mesirow@voxmedia.com; jill.dehnert@voxmedia.com; Avery.Dalal@eater.com; michelle.fox@voxmedia.com; e.jamar@voxmedia.com; gabby.lozano@voxmedia.com; murilo@eater.com; christian.moreno@voxmedia.com; thomas.daly@voxmedia.com; amanda.luansing@voxmedia.com; stefania@eater.com; stephen@eater.com; howie.burbidge@voxmedia.com; nadia.ahmad@voxmedia.com; hilary.pollack@voxmedia.com; lucy@eater.com; emily.venezky@voxmedia.com; kaitlin.bray@voxmedia.com; connor.reid@voxmedia.com; nat.belkov@voxmedia.com; carla@eater.com; sergio.scardigno@voxmedia.com; zoe.becker@eater.com; Talia.Baiocchi@voxmedia.com; allison.hamlin@voxmedia.com; frances.dumlao@voxmedia.com; lillehammer.allen@voxmedia.com,+19097105025,long beach california restaurants
www.google.com,https://www.google.com/maps/search/?api=1&query=Neptune's%20Net%2C%2042505%20CA-1%2C%20Malibu%2C%20CA%2090265%2C%20USA,,,+13079141449,long beach california restaurants
www.eater.com,https://www.eater.com/2016/12/15/13962822/eater-pitching-guidelines-how-to-pitch,visuals@eater.com,shopping@eater.com; travel@eater.com; detroit@eater.com; boston@eater.com; vegas@eater.com; u003evoices@eater.com; u003evisuals@eater.com; sf@eater.com; u003etravel@eater.com; voices@eater.com; u003eeditor@eater.com; production@eater.com; seattle@eater.com; dc@eater.com; chicago@eater.com; dallas@eater.com; nola@eater.com; minneapolis@eater.com; u003eshopping@eater.com; la@eater.com; phoenix@eater.com; sandiego@eater.com; cooking@eater.com; u003ecooking@eater.com; u003eproduction@eater.com; nashville@eater.com; philly@eater.com; carolinas@eater.com; editor@eater.com; houston@eater.com; atlanta@eater.com; ny@eater.com; pdx@eater.com; miami@eater.com,+14861221193,long beach california restaurants
neptunesnet.com,https://neptunesnet.com/,info@neptunesnet.com,,+11752197145,long beach california restaurants
paradisecovemenu.com,https://paradisecovemenu.com/,eben@eyebytes.com,,+11504666666,long beach california restaurants
www.eater.com,https://www.eater.com/dining-out/890659/kato-los-angeles-chef-jon-yao-video,,,+14861221193,long beach california restaurants
www.google.com,https://www.google.com/maps/search/?api=1&query=Marelle%2C%201740%20Ocean%20Avenue%2C%20Santa%20Monica%2C%20California%2090401%2C%20United%20States,,,+16676404234,long beach california restaurants
www.google.com,https://www.google.com/maps/search/?api=1&query=Malibu%20Farm%2C%2023000%20Pacific%20Coast%20Hwy%2C%20Malibu%2C%20CA%2090265%2C%20USA,,,+10364195999,long beach california restaurants
www.google.com,https://www.google.com/maps/search/?api=1&query=Geoffrey%E2%80%99s%20Malibu%2C%2027400%20Pacific%20Coast%20Hwy%20(Pacific%20Highway)%2C%20Malibu%2C%20CA%2090265,,,+10017843937,long beach california restaurants
www.marelle.com,https://www.marelle.com/,,,+11790712240,long beach california restaurants
punchdrink.com,https://punchdrink.com/,editorial@punchdrink.com,info@punchdrink.com; partnerships@punchdrink.com,+11709165723,long beach california restaurants
www.google.com,https://www.google.com/maps/search/?api=1&query=The%20Lobster%2C%201602%20Ocean%20Ave%2C%20Santa%20Monica%2C%20CA%2090401%2C%20USA,,,+11184949955,long beach california restaurants
www.voxmedia.com,https://www.voxmedia.com/legal/accessibility,press@voxmedia.com,accessibility@voxmedia.com,+11736960400,long beach california restaurants
www.google.com,https://www.google.com/maps/search/?api=1&query=Redondo%20Beach%20Crab%20House%2C%20100%20Fisherman's%20Wharf%2C%20Suite%20F%2C%20Redondo%20Beach%2C%20CA%2090277%2C%20USA,,,+10019473757,long beach california restaurants
www.geoffreysmalibu.com,https://www.geoffreysmalibu.com/,user@domain.com,geoffreysevents@gmail.com; geoffreyschef@gmail.com; geoffreysmalibu@gmail.com,+12318397037,long beach california restaurants
www.eater.com,https://www.eater.com/2017/11/1/16572850/send-secure-tips-to-eater,u003enational@eater.com,la@eater.com; national@eater.com; chicago@eater.com; u003echicago@eater.com; u003ela@eater.com,+14861221193,long beach california restaurants
familydestinationsguide.com,https://familydestinationsguide.com/accommodation/,press@familydestinationsguide.com,write@familydestinationsguide.com; info@familydestinationsguide.com; contact@familydestinationsguide.com; advertise@familydestinationsguide.com; partners@familydestinationsguide.com; editor@familydestinationsguide.com,+15338443205,long beach california restaurants
www.ajseafoodshack.com,https://www.ajseafoodshack.com/,info@ajseafoodshack.com,605a7baede844d278b89dc95ae0a9123@sentry-next.wixpress.com; 8eb368c655b84e029ed79ad7a5c1718e@sentry.wixpress.com,+13200012207,long beach california restaurants
familydestinationsguide.com,https://familydestinationsguide.com/tag/food-and-drink/,press@familydestinationsguide.com,write@familydestinationsguide.com; info@familydestinationsguide.com; contact@familydestinationsguide.com; advertise@familydestinationsguide.com; partners@familydestinationsguide.com; editor@familydestinationsguide.com,+15338443205,long beach california restaurants
familydestinationsguide.com,https://familydestinationsguide.com/in-the-press/,Forbes_Logo-WhiteOnBlack@png-200px.png,press@familydestinationsguide.com; write@familydestinationsguide.com; info@familydestinationsguide.com; partners@familydestinationsguide.com; advertise@familydestinationsguide.com; Forbes_Logo-WhiteOnBlack@png-200px.png.webp; contact@familydestinationsguide.com; editor@familydestinationsguide.com,+15338443205,long beach california restaurants
www.booking.com,https://www.booking.com/hotel/us/the-belmont-shore-inn.xu.html?aid=1854696&no_rooms=1&group_adults=2&label=best_restaurants_in_long_beach,Us@3x.png,belmont3946@gmail.com; name@example.com,+16660532619,long beach california restaurants
familydestinationsguide.com,https://familydestinationsguide.com/destinations/usa/california/,press@familydestinationsguide.com,write@familydestinationsguide.com; info@familydestinationsguide.com; contact@familydestinationsguide.com; advertise@familydestinationsguide.com; partners@familydestinationsguide.com; editor@familydestinationsguide.com,+15338443205,long beach california restaurants
www.opensesamegrill.com,https://www.opensesamegrill.com/long-beach-menus/,,,+15626211698,long beach california restaurants
familydestinationsguide.com,https://familydestinationsguide.com/best-restaurants-in-lake-arrowhead-ca/,press@familydestinationsguide.com,write@familydestinationsguide.com; info@familydestinationsguide.com; contact@familydestinationsguide.com; advertise@familydestinationsguide.com; partners@familydestinationsguide.com; editor@familydestinationsguide.com,+15338443205,long beach california restaurants
familydestinationsguide.com,https://familydestinationsguide.com/best-seafood-in-long-beach-ca/,press@familydestinationsguide.com,write@familydestinationsguide.com; info@familydestinationsguide.com; contact@familydestinationsguide.com; advertise@familydestinationsguide.com; partners@familydestinationsguide.com; editor@familydestinationsguide.com,+11181951197,long beach california restaurants
familydestinationsguide.com,https://familydestinationsguide.com/privacy-policy/,press@familydestinationsguide.com,write@familydestinationsguide.com; info@familydestinationsguide.com; contact@familydestinationsguide.com; advertise@familydestinationsguide.com; partners@familydestinationsguide.com; editor@familydestinationsguide.com,+15338443205,long beach california restaurants
familydestinationsguide.com,https://familydestinationsguide.com/accommodation/all-inclusive-vacations/,press@familydestinationsguide.com,write@familydestinationsguide.com; info@familydestinationsguide.com; contact@familydestinationsguide.com; advertise@familydestinationsguide.com; partners@familydestinationsguide.com; editor@familydestinationsguide.com,+15338443205,long beach california restaurants
www.booking.com,https://www.booking.com/hotel/us/the-westin-long-beach.xu.html?aid=1854696&no_rooms=1&group_adults=2&label=best_restaurants_in_long_beach,Gb@3x.png,name@example.com; customer.care@marriott.com,+16660532619,long beach california restaurants
familydestinationsguide.com,https://familydestinationsguide.com/accommodation/hotels/,press@familydestinationsguide.com,write@familydestinationsguide.com; info@familydestinationsguide.com; contact@familydestinationsguide.com; advertise@familydestinationsguide.com; partners@familydestinationsguide.com; editor@familydestinationsguide.com,+15338443205,long beach california restaurants
nicksrestaurants.com,http://nicksrestaurants.com/nicks-on-2nd/,hello@nicksrestaurants.com,events@nicksrestaurants.com,+13333333333,long beach california restaurants
familydestinationsguide.com,https://familydestinationsguide.com/best-hotels-in-long-beach-ca/,press@familydestinationsguide.com,write@familydestinationsguide.com; info@familydestinationsguide.com; contact@familydestinationsguide.com; advertise@familydestinationsguide.com; partners@familydestinationsguide.com; editor@familydestinationsguide.com,+15338443205,long beach california restaurants
familydestinationsguide.com,https://familydestinationsguide.com/planning/,press@familydestinationsguide.com,write@familydestinationsguide.com; info@familydestinationsguide.com; contact@familydestinationsguide.com; advertise@familydestinationsguide.com; partners@familydestinationsguide.com; editor@familydestinationsguide.com,+15338443205,long beach california restaurants
www.booking.com,https://www.booking.com/hotel/us/hampton-inn-long-beach-airport-ca.xu.html?aid=1854696&no_rooms=1&group_adults=2&label=best_restaurants_in_long_beach,Gb@3x.png,hiltonhonors@hilton.com; name@example.com,+16660532619,long beach california restaurants
familydestinationsguide.com,https://familydestinationsguide.com/tag/family-travel/,press@familydestinationsguide.com,write@familydestinationsguide.com; info@familydestinationsguide.com; contact@familydestinationsguide.com; advertise@familydestinationsguide.com; partners@familydestinationsguide.com; editor@familydestinationsguide.com,+12271062271,long beach california restaurants
familydestinationsguide.com,https://familydestinationsguide.com/best-restaurants-in-monrovia-ca/,press@familydestinationsguide.com,write@familydestinationsguide.com; info@familydestinationsguide.com; contact@familydestinationsguide.com; advertise@familydestinationsguide.com; partners@familydestinationsguide.com; editor@familydestinationsguide.com,+15338443205,long beach california restaurants
familydestinationsguide.com,https://familydestinationsguide.com/tag/water-parks/,press@familydestinationsguide.com,write@familydestinationsguide.com; info@familydestinationsguide.com; contact@familydestinationsguide.com; advertise@familydestinationsguide.com; partners@familydestinationsguide.com; editor@familydestinationsguide.com,+15338443205,long beach california restaurants
familydestinationsguide.com,https://familydestinationsguide.com/best-restaurants-in-malibu-ca/,press@familydestinationsguide.com,write@familydestinationsguide.com; info@familydestinationsguide.com; contact@familydestinationsguide.com; advertise@familydestinationsguide.com; partners@familydestinationsguide.com; editor@familydestinationsguide.com,+15338443205,long beach california restaurants
familydestinationsguide.com,https://familydestinationsguide.com/destinations/mexico/,press@familydestinationsguide.com,write@familydestinationsguide.com; info@familydestinationsguide.com; contact@familydestinationsguide.com; advertise@familydestinationsguide.com; partners@familydestinationsguide.com; editor@familydestinationsguide.com,+13809523809,long beach california restaurants
familydestinationsguide.com,https://familydestinationsguide.com/tag/travel-on-a-budget/,press@familydestinationsguide.com,write@familydestinationsguide.com; info@familydestinationsguide.com; contact@familydestinationsguide.com; advertise@familydestinationsguide.com; partners@familydestinationsguide.com; editor@familydestinationsguide.com,+15338443205,long beach california restaurants
ednacuisine.com,http://ednacuisine.com/,john.doe@mail.de,,+15837883959,long beach california restaurants
familydestinationsguide.com,https://familydestinationsguide.com/meet-our-team/,press@familydestinationsguide.com,write@familydestinationsguide.com; info@familydestinationsguide.com; contact@familydestinationsguide.com; advertise@familydestinationsguide.com; partners@familydestinationsguide.com; editor@familydestinationsguide.com,+15338443205,long beach california restaurants
familydestinationsguide.com,https://familydestinationsguide.com/tips/,press@familydestinationsguide.com,write@familydestinationsguide.com; info@familydestinationsguide.com; contact@familydestinationsguide.com; advertise@familydestinationsguide.com; partners@familydestinationsguide.com; editor@familydestinationsguide.com,+15338443205,long beach california restaurants
www.booking.com,https://www.booking.com/hotel/us/hotel-atlantic-ave-long-beach.xu.html?aid=1854696&no_rooms=1&group_adults=2&label=best_restaurants_in_long_beach,Us@3x.png,Gb@3x.png; info@innat50.com; name@example.com,+16660532619,long beach california restaurants
familydestinationsguide.com,https://familydestinationsguide.com/contact-us/,press@familydestinationsguide.com,write@familydestinationsguide.com; info@familydestinationsguide.com; contact@familydestinationsguide.com; advertise@familydestinationsguide.com; partners@familydestinationsguide.com; editor@familydestinationsguide.com,+15338443205,long beach california restaurants
familydestinationsguide.com,https://familydestinationsguide.com/best-restaurants-in-mariposa-ca/,press@familydestinationsguide.com,write@familydestinationsguide.com; info@familydestinationsguide.com; contact@familydestinationsguide.com; advertise@familydestinationsguide.com; partners@familydestinationsguide.com; editor@familydestinationsguide.com,+12099665111,long beach california restaurants
familydestinationsguide.com,https://familydestinationsguide.com/best-pizza-in-long-beach-ca/,press@familydestinationsguide.com,write@familydestinationsguide.com; info@familydestinationsguide.com; contact@familydestinationsguide.com; advertise@familydestinationsguide.com; partners@familydestinationsguide.com; editor@familydestinationsguide.com,+15338443205,long beach california restaurants
www.booking.com,https://www.booking.com/hotel/us/homewood-suites-by-hilton-long-beach-airport.xu.html?aid=1854696&no_rooms=1&group_adults=2&label=best_restaurants_in_long_beach,Gb@3x.png,hiltonhonors@hilton.com; name@example.com,+16660532619,long beach california restaurants
ellieslbc.com,https://ellieslbc.com/,user@domain.com,hello@ellieslbc.com,+11000005277,long beach california restaurants
familydestinationsguide.com,https://familydestinationsguide.com/careers/,press@familydestinationsguide.com,write@familydestinationsguide.com; info@familydestinationsguide.com; contact@familydestinationsguide.com; advertise@familydestinationsguide.com; partners@familydestinationsguide.com; editor@familydestinationsguide.com,+15338443205,long beach california restaurants
familydestinationsguide.com,https://familydestinationsguide.com/destinations/central-south-america/,press@familydestinationsguide.com,write@familydestinationsguide.com; info@familydestinationsguide.com; contact@familydestinationsguide.com; advertise@familydestinationsguide.com; partners@familydestinationsguide.com; editor@familydestinationsguide.com,+13809523809,long beach california restaurants
familydestinationsguide.com,https://familydestinationsguide.com/accommodation/resorts/,press@familydestinationsguide.com,write@familydestinationsguide.com; info@familydestinationsguide.com; contact@familydestinationsguide.com; advertise@familydestinationsguide.com; partners@familydestinationsguide.com; editor@familydestinationsguide.com,+15338443205,long beach california restaurants
familydestinationsguide.com,https://familydestinationsguide.com/best-breakfast-in-long-beach-ca/,press@familydestinationsguide.com,write@familydestinationsguide.com; info@familydestinationsguide.com; contact@familydestinationsguide.com; advertise@familydestinationsguide.com; partners@familydestinationsguide.com; editor@familydestinationsguide.com,+15338443205,long beach california restaurants
www.booking.com,https://www.booking.com/hotel/us/hyatt-regency-long-beach.xu.html?aid=1854696&no_rooms=1&group_adults=2&label=best_restaurants_in_long_beach,Us@3x.png,name@example.com; consumeraffairs@hyatt.com,+16660532619,long beach california restaurants
familydestinationsguide.com,https://familydestinationsguide.com/best-restaurants-in-lake-tahoe-ca/,press@familydestinationsguide.com,write@familydestinationsguide.com; info@familydestinationsguide.com; contact@familydestinationsguide.com; advertise@familydestinationsguide.com; partners@familydestinationsguide.com; editor@familydestinationsguide.com,+18099907702,long beach california restaurants
familydestinationsguide.com,https://familydestinationsguide.com/best-restaurants-in-knoxville-tn/,press@familydestinationsguide.com,write@familydestinationsguide.com; info@familydestinationsguide.com; contact@familydestinationsguide.com; advertise@familydestinationsguide.com; partners@familydestinationsguide.com; editor@familydestinationsguide.com,+18652321800,long beach california restaurants
familydestinationsguide.com,https://familydestinationsguide.com/tag/beaches-and-islands/,press@familydestinationsguide.com,write@familydestinationsguide.com; info@familydestinationsguide.com; contact@familydestinationsguide.com; advertise@familydestinationsguide.com; partners@familydestinationsguide.com; editor@familydestinationsguide.com,+15338443205,long beach california restaurants
www.surakbbq.com,https://www.surakbbq.com/,,,+15624957872,long beach california restaurants
www.theordinarie.com,https://www.theordinarie.com/,2062d0a4929b45348643784b5cb39c36@sentry.wixpress.com,Info@theordinarie.com; Info@TheOrdinarie.com; 605a7baede844d278b89dc95ae0a9123@sentry-next.wixpress.com; 8eb368c655b84e029ed79ad7a5c1718e@sentry.wixpress.com,+16577613973,long beach california restaurants
www.booking.com,https://www.booking.com/hotel/us/best-westernt-western-los-angeles-worldport-hotel.xu.html?aid=1854696&no_rooms=1&group_adults=2&label=best_restaurants_in_long_beach,Us@3x.png,custserv@cs.bestwestern.com; Gb@3x.png; name@example.com,+18084994191,long beach california restaurants
familydestinationsguide.com,https://familydestinationsguide.com/best-brunch-in-long-beach-ca/,press@familydestinationsguide.com,write@familydestinationsguide.com; info@familydestinationsguide.com; contact@familydestinationsguide.com; advertise@familydestinationsguide.com; partners@familydestinationsguide.com; editor@familydestinationsguide.com,+15623424241,long beach california restaurants
www.booking.com,https://www.booking.com/hotel/us/residence-inn-long-beach-california.xu.html?aid=1854696&no_rooms=1&group_adults=2&label=best_restaurants_in_long_beach,Us@3x.png,Gb@3x.png; name@example.com; customer.care@marriott.com,+16660532619,long beach california restaurants
familydestinationsguide.com,https://familydestinationsguide.com/fun-things-to-do-in-long-beach-with-kids/,press@familydestinationsguide.com,write@familydestinationsguide.com; info@familydestinationsguide.com; contact@familydestinationsguide.com; advertise@familydestinationsguide.com; partners@familydestinationsguide.com; editor@familydestinationsguide.com,+15338443205,long beach california restaurants
familydestinationsguide.com,https://familydestinationsguide.com/tag/seasonal-travel/,press@familydestinationsguide.com,write@familydestinationsguide.com; info@familydestinationsguide.com; contact@familydestinationsguide.com; advertise@familydestinationsguide.com; partners@familydestinationsguide.com; editor@familydestinationsguide.com,+12271062271,long beach california restaurants
familydestinationsguide.com,https://familydestinationsguide.com/restaurants/,press@familydestinationsguide.com,write@familydestinationsguide.com; info@familydestinationsguide.com; contact@familydestinationsguide.com; advertise@familydestinationsguide.com; partners@familydestinationsguide.com; editor@familydestinationsguide.com,+15338443205,long beach california restaurants
familydestinationsguide.com,https://familydestinationsguide.com/destinations/asia/,press@familydestinationsguide.com,write@familydestinationsguide.com; info@familydestinationsguide.com; contact@familydestinationsguide.com; advertise@familydestinationsguide.com; partners@familydestinationsguide.com; editor@familydestinationsguide.com,+15338443205,long beach california restaurants
familydestinationsguide.com,https://familydestinationsguide.com/destinations/canada/,press@familydestinationsguide.com,write@familydestinationsguide.com; info@familydestinationsguide.com; contact@familydestinationsguide.com; advertise@familydestinationsguide.com; partners@familydestinationsguide.com; editor@familydestinationsguide.com,+15338443205,long beach california restaurants
www.booking.com,https://www.booking.com/hotel/us/hotel-royal-long-beach.xu.html?aid=1854696&no_rooms=1&group_adults=2&label=best_restaurants_in_long_beach,Us@3x.png,victor@hotelroyallb.com; name@example.com,+16660532619,long beach california restaurants
www.booking.com,https://www.booking.com/hotel/us/courtyard-long-beach.xu.html?aid=1854696&no_rooms=1&group_adults=2&label=best_restaurants_in_long_beach,Gb@3x.png,name@example.com; customer.care@marriott.com,+16660532619,long beach california restaurants
familydestinationsguide.com,https://familydestinationsguide.com/destinations/caribbean/,press@familydestinationsguide.com,write@familydestinationsguide.com; info@familydestinationsguide.com; contact@familydestinationsguide.com; advertise@familydestinationsguide.com; partners@familydestinationsguide.com; editor@familydestinationsguide.com,+15338443205,long beach california restaurants
familydestinationsguide.com,https://familydestinationsguide.com/terms-of-use/,press@familydestinationsguide.com,write@familydestinationsguide.com; info@familydestinationsguide.com; contact@familydestinationsguide.com; advertise@familydestinationsguide.com; partners@familydestinationsguide.com; editor@familydestinationsguide.com,+15338443205,long beach california restaurants
familydestinationsguide.com,https://familydestinationsguide.com/author/llavigne/,press@familydestinationsguide.com,write@familydestinationsguide.com; info@familydestinationsguide.com; contact@familydestinationsguide.com; advertise@familydestinationsguide.com; partners@familydestinationsguide.com; editor@familydestinationsguide.com,+15338443205,long beach california restaurants
familydestinationsguide.com,https://familydestinationsguide.com/best-restaurants-in-newport-beach-ca/,press@familydestinationsguide.com,write@familydestinationsguide.com; info@familydestinationsguide.com; contact@familydestinationsguide.com; advertise@familydestinationsguide.com; partners@familydestinationsguide.com; editor@familydestinationsguide.com,+19496734633,long beach california restaurants
familydestinationsguide.com,https://familydestinationsguide.com/editorial-process/,press@familydestinationsguide.com,write@familydestinationsguide.com; info@familydestinationsguide.com; contact@familydestinationsguide.com; advertise@familydestinationsguide.com; partners@familydestinationsguide.com; editor@familydestinationsguide.com,+15338443205,long beach california restaurants
familydestinationsguide.com,https://familydestinationsguide.com/tag/wildlife-and-nature/,press@familydestinationsguide.com,write@familydestinationsguide.com; info@familydestinationsguide.com; contact@familydestinationsguide.com; advertise@familydestinationsguide.com; partners@familydestinationsguide.com; editor@familydestinationsguide.com,+15338443205,long beach california restaurants
familydestinationsguide.com,https://familydestinationsguide.com/destinations/,press@familydestinationsguide.com,write@familydestinationsguide.com; info@familydestinationsguide.com; contact@familydestinationsguide.com; advertise@familydestinationsguide.com; partners@familydestinationsguide.com; editor@familydestinationsguide.com,+15338443205,long beach california restaurants
familydestinationsguide.com,https://familydestinationsguide.com/tag/arts-culture/,press@familydestinationsguide.com,write@familydestinationsguide.com; info@familydestinationsguide.com; contact@familydestinationsguide.com; advertise@familydestinationsguide.com; partners@familydestinationsguide.com; editor@familydestinationsguide.com,+12271062271,long beach california restaurants
familydestinationsguide.com,https://familydestinationsguide.com/advertising-disclosure/,press@familydestinationsguide.com,write@familydestinationsguide.com; info@familydestinationsguide.com; contact@familydestinationsguide.com; advertise@familydestinationsguide.com; partners@familydestinationsguide.com; editor@familydestinationsguide.com,+15338443205,long beach california restaurants
laesperanzarestaurants.com,https://laesperanzarestaurants.com/,,,+11310626657,long beach california restaurants
familydestinationsguide.com,https://familydestinationsguide.com/tag/activities/,press@familydestinationsguide.com,write@familydestinationsguide.com; info@familydestinationsguide.com; contact@familydestinationsguide.com; advertise@familydestinationsguide.com; partners@familydestinationsguide.com; editor@familydestinationsguide.com,+15338443205,long beach california restaurants
www.booking.com,https://www.booking.com/hotel/us/best-western-at-the-convention-center.xu.html?aid=1854696&no_rooms=1&group_adults=2&label=best_restaurants_in_long_beach,custserv@cs.bestwestern.com,Gb@3x.png; name@example.com,+16660532619,long beach california restaurants
familydestinationsguide.com,https://familydestinationsguide.com/best-restaurants-in-northern-california/,press@familydestinationsguide.com,write@familydestinationsguide.com; info@familydestinationsguide.com; contact@familydestinationsguide.com; advertise@familydestinationsguide.com; partners@familydestinationsguide.com; editor@familydestinationsguide.com,+17079442380,long beach california restaurants
familydestinationsguide.com,https://familydestinationsguide.com/tag/inspiration/,press@familydestinationsguide.com,write@familydestinationsguide.com; info@familydestinationsguide.com; contact@familydestinationsguide.com; advertise@familydestinationsguide.com; partners@familydestinationsguide.com; editor@familydestinationsguide.com,+15338443205,long beach california restaurants
familydestinationsguide.com,https://familydestinationsguide.com/best-restaurants-in-memphis-tn/,press@familydestinationsguide.com,write@familydestinationsguide.com; info@familydestinationsguide.com; contact@familydestinationsguide.com; advertise@familydestinationsguide.com; partners@familydestinationsguide.com; editor@familydestinationsguide.com,+19017672323,long beach california restaurants
familydestinationsguide.com,https://familydestinationsguide.com/best-restaurants-in-morro-bay-ca/,press@familydestinationsguide.com,write@familydestinationsguide.com; info@familydestinationsguide.com; contact@familydestinationsguide.com; advertise@familydestinationsguide.com; partners@familydestinationsguide.com; editor@familydestinationsguide.com,+15338443205,long beach california restaurants
www.booking.com,https://www.booking.com/hotel/us/current.xu.html?aid=1854696&no_rooms=1&group_adults=2&label=best_restaurants_in_long_beach,Us@3x.png,Gb@3x.png; name@example.com; agent@hotelcurrent.com,+16660532619,long beach california restaurants
familydestinationsguide.com,https://familydestinationsguide.com/destinations/europe/,press@familydestinationsguide.com,write@familydestinationsguide.com; info@familydestinationsguide.com; contact@familydestinationsguide.com; advertise@familydestinationsguide.com; partners@familydestinationsguide.com; editor@familydestinationsguide.com,+13809523809,long beach california restaurants
familydestinationsguide.com,https://familydestinationsguide.com/destinations/australia/,press@familydestinationsguide.com,write@familydestinationsguide.com; info@familydestinationsguide.com; contact@familydestinationsguide.com; advertise@familydestinationsguide.com; partners@familydestinationsguide.com; editor@familydestinationsguide.com,+15338443205,long beach california restaurants
www.booking.com,https://www.booking.com/hotel/us/hyatt-the-pike-long-beach.xu.html?aid=1854696&no_rooms=1&group_adults=2&label=best_restaurants_in_long_beach,Gb@3x.png,name@example.com; consumeraffairs@hyatt.com,+16660532619,long beach california restaurants
familydestinationsguide.com,https://familydestinationsguide.com/best-restaurants-in-mendocino-ca/,press@familydestinationsguide.com,write@familydestinationsguide.com; info@familydestinationsguide.com; partners@familydestinationsguide.com; advertise@familydestinationsguide.com; contact@familydestinationsguide.com; concierge@stanfordinn.com; editor@familydestinationsguide.com,+17079373200,long beach california restaurants
familydestinationsguide.com,https://familydestinationsguide.com/destinations/usa/,press@familydestinationsguide.com,write@familydestinationsguide.com; info@familydestinationsguide.com; contact@familydestinationsguide.com; advertise@familydestinationsguide.com; partners@familydestinationsguide.com; editor@familydestinationsguide.com,+15338443205,long beach california restaurants
www.booking.com,https://www.booking.com/hotel/us/renaissance-long-beach.xu.html?aid=1854696&no_rooms=1&group_adults=2&label=best_restaurants_in_long_beach,Us@3x.png,Gb@3x.png; name@example.com; customer.care@marriott.com,+16660532619,long beach california restaurants
familydestinationsguide.com,https://familydestinationsguide.com/best-restaurants-in-marysville-ca/,press@familydestinationsguide.com,write@familydestinationsguide.com; info@familydestinationsguide.com; contact@familydestinationsguide.com; advertise@familydestinationsguide.com; partners@familydestinationsguide.com; editor@familydestinationsguide.com,+15338443205,long beach california restaurants
the-breakfast-bar.com,http://the-breakfast-bar.com/,info@the-breakfast-bar.com,,+11000500957,long beach california restaurants
familydestinationsguide.com,https://familydestinationsguide.com/best-restaurants-in-san-diego-ca/,press@familydestinationsguide.com,write@familydestinationsguide.com; info@familydestinationsguide.com; contact@familydestinationsguide.com; advertise@familydestinationsguide.com; partners@familydestinationsguide.com; editor@familydestinationsguide.com,+11171465833,long beach california restaurants
www.ammatoli.com,https://www.ammatoli.com/,info@ammatoli.com,,+14209983348,long beach california restaurants
familydestinationsguide.com,https://familydestinationsguide.com/about-us/,press@familydestinationsguide.com,write@familydestinationsguide.com; info@familydestinationsguide.com; contact@familydestinationsguide.com; advertise@familydestinationsguide.com; partners@familydestinationsguide.com; editor@familydestinationsguide.com,+15338443205,long beach california restaurants
www.booking.com,https://www.booking.com/hotel/us/long-beach-marriott.xu.html?aid=1854696&no_rooms=1&group_adults=2&label=best_restaurants_in_long_beach,Gb@3x.png,name@example.com; customer.care@marriott.com,+16660532619,long beach california restaurants
www.booking.com,https://www.booking.com/hotel/us/hampton-inn-los-angeles-carson.xu.html?aid=1854696&no_rooms=1&group_adults=2&label=best_restaurants_in_long_beach,Gb@3x.png,hiltonhonors@hilton.com; name@example.com,+12650973771,long beach california restaurants
familydestinationsguide.com,https://familydestinationsguide.com/best-burgers-in-long-beach-ca/,press@familydestinationsguide.com,write@familydestinationsguide.com; info@familydestinationsguide.com; contact@familydestinationsguide.com; advertise@familydestinationsguide.com; partners@familydestinationsguide.com; editor@familydestinationsguide.com,+15338443205,long beach california restaurants
www.booking.com,https://www.booking.com/hotel/us/courtyard-long-beach-long-beach.xu.html?aid=1854696&no_rooms=1&group_adults=2&label=best_restaurants_in_long_beach,Us@3x.png,Gb@3x.png; name@example.com; customer.care@marriott.com,+16660532619,long beach california restaurants
familydestinationsguide.com,https://familydestinationsguide.com/best-restaurants-in-southern-california/,press@familydestinationsguide.com,write@familydestinationsguide.com; info@familydestinationsguide.com; contact@familydestinationsguide.com; advertise@familydestinationsguide.com; partners@familydestinationsguide.com; editor@familydestinationsguide.com,+15624311990,long beach california restaurants
familydestinationsguide.com,https://familydestinationsguide.com/best-things-to-do-in-long-beach/,press@familydestinationsguide.com,write@familydestinationsguide.com; info@familydestinationsguide.com; contact@familydestinationsguide.com; advertise@familydestinationsguide.com; partners@familydestinationsguide.com; editor@familydestinationsguide.com,+15338443205,long beach california restaurants
familydestinationsguide.com,https://familydestinationsguide.com/,press@familydestinationsguide.com,write@familydestinationsguide.com; info@familydestinationsguide.com; contact@familydestinationsguide.com; advertise@familydestinationsguide.com; partners@familydestinationsguide.com; editor@familydestinationsguide.com,+15338443205,long beach california restaurants
www.seabirdskitchen.com,https://www.seabirdskitchen.com/,user@domain.com,stephanie@seabirdskitchen.com,+11712079871,long beach california restaurants
familydestinationsguide.com,https://familydestinationsguide.com/tag/weird-and-amazing/,press@familydestinationsguide.com,write@familydestinationsguide.com; info@familydestinationsguide.com; contact@familydestinationsguide.com; advertise@familydestinationsguide.com; partners@familydestinationsguide.com; editor@familydestinationsguide.com,+15338443205,long beach california restaurants
www.booking.com,https://www.booking.com/hotel/us/the-cove-hotel-an-ascend-hotel-collection-member.xu.html?aid=1854696&no_rooms=1&group_adults=2&label=best_restaurants_in_long_beach,info@covelongbeach.com,Gb@3x.png; name@example.com,+16660532619,long beach california restaurants
nomsmagazine.com,https://nomsmagazine.com/category/united-states/california/,Vancouver_IceCream_Festival_Logo-Color@Trans-1160x494.png,ipl-l@2x.png; Vancouver_IceCream_Festival_Logo-Color@Trans-800x341.png; info@nomsmagazine.com; tip@nomsmagazine.com; careers@nomsmagazine.com; advertise@nomsmagazine.com; Vancouver_IceCream_Festival_Logo-Color@Trans-770x328.png; Vancouver_IceCream_Festival_Logo-Color@Trans.png; ipl-d@2x.png; feedback@nomsmagazine.com; jason@nomsmagazine.com,+13333333333,long beach california restaurants
nomsmagazine.com,https://nomsmagazine.com/tag/burnaby/,Vancouver_IceCream_Festival_Logo-Color@Trans-1160x494.png,ipl-l@2x.png; Vancouver_IceCream_Festival_Logo-Color@Trans-800x341.png; info@nomsmagazine.com; tip@nomsmagazine.com; careers@nomsmagazine.com; advertise@nomsmagazine.com; Vancouver_IceCream_Festival_Logo-Color@Trans-770x328.png; Vancouver_IceCream_Festival_Logo-Color@Trans.png; ipl-d@2x.png; feedback@nomsmagazine.com; jason@nomsmagazine.com,+13333333333,long beach california restaurants
nomsmagazine.com,https://nomsmagazine.com/events/pop-up-cafe-turkish-syrian-coffee-on-hot-sand-boardgames/,Vancouver_IceCream_Festival_Logo-Color@Trans-1160x494.png,ipl-l@2x.png; Vancouver_IceCream_Festival_Logo-Color@Trans-800x341.png; info@nomsmagazine.com; tip@nomsmagazine.com; careers@nomsmagazine.com; advertise@nomsmagazine.com; Vancouver_IceCream_Festival_Logo-Color@Trans-770x328.png; Vancouver_IceCream_Festival_Logo-Color@Trans.png; ipl-d@2x.png; feedback@nomsmagazine.com; jason@nomsmagazine.com,+12292808488,long beach california restaurants
nomsmagazine.com,https://nomsmagazine.com/tag/richmond/,Vancouver_IceCream_Festival_Logo-Color@Trans-1160x494.png,ipl-l@2x.png; Vancouver_IceCream_Festival_Logo-Color@Trans-800x341.png; info@nomsmagazine.com; tip@nomsmagazine.com; careers@nomsmagazine.com; advertise@nomsmagazine.com; Vancouver_IceCream_Festival_Logo-Color@Trans-770x328.png; Vancouver_IceCream_Festival_Logo-Color@Trans.png; ipl-d@2x.png; feedback@nomsmagazine.com; jason@nomsmagazine.com,+13333333333,long beach california restaurants
nomsmagazine.com,https://nomsmagazine.com/edmonton/,Vancouver_IceCream_Festival_Logo-Color@Trans-1160x494.png,ipl-l@2x.png; Vancouver_IceCream_Festival_Logo-Color@Trans-800x341.png; info@nomsmagazine.com; tip@nomsmagazine.com; careers@nomsmagazine.com; advertise@nomsmagazine.com; Vancouver_IceCream_Festival_Logo-Color@Trans-770x328.png; Vancouver_IceCream_Festival_Logo-Color@Trans.png; ipl-d@2x.png; feedback@nomsmagazine.com; jason@nomsmagazine.com,+13333333333,long beach california restaurants
nomsmagazine.com,https://nomsmagazine.com/author/nomsmagadmin/,Vancouver_IceCream_Festival_Logo-Color@Trans-1160x494.png,ipl-l@2x.png; Vancouver_IceCream_Festival_Logo-Color@Trans-800x341.png; info@nomsmagazine.com; tip@nomsmagazine.com; careers@nomsmagazine.com; advertise@nomsmagazine.com; Vancouver_IceCream_Festival_Logo-Color@Trans-770x328.png; Vancouver_IceCream_Festival_Logo-Color@Trans.png; ipl-d@2x.png; feedback@nomsmagazine.com; jason@nomsmagazine.com,+13333333333,long beach california restaurants
nomsmagazine.com,https://nomsmagazine.com/things-to-do-in-victoria-bc-all-year-round/,programs@mmbc.bc.ca,Vancouver_IceCream_Festival_Logo-Color@Trans-1160x494.png; ipl-l@2x.png; Vancouver_IceCream_Festival_Logo-Color@Trans-800x341.png; info@nomsmagazine.com; tip@nomsmagazine.com; careers@nomsmagazine.com; advertise@nomsmagazine.com; Vancouver_IceCream_Festival_Logo-Color@Trans-770x328.png; Vancouver_IceCream_Festival_Logo-Color@Trans.png; ipl-d@2x.png; feedback@nomsmagazine.com; jason@nomsmagazine.com,+12292808488,long beach california restaurants
livson2nd.com,https://livson2nd.com,Contact@livson2nd.com,contact@livson2nd.com,+11181343874,long beach california restaurants
nomsmagazine.com,https://nomsmagazine.com/seattle/,Vancouver_IceCream_Festival_Logo-Color@Trans-1160x494.png,ipl-l@2x.png; Vancouver_IceCream_Festival_Logo-Color@Trans-800x341.png; info@nomsmagazine.com; tip@nomsmagazine.com; careers@nomsmagazine.com; advertise@nomsmagazine.com; Vancouver_IceCream_Festival_Logo-Color@Trans-770x328.png; Vancouver_IceCream_Festival_Logo-Color@Trans.png; ipl-d@2x.png; feedback@nomsmagazine.com; jason@nomsmagazine.com,+13333333333,long beach california restaurants
nomsmagazine.com,https://nomsmagazine.com/category/united-states/new-york-state/,Vancouver_IceCream_Festival_Logo-Color@Trans-1160x494.png,ipl-l@2x.png; Vancouver_IceCream_Festival_Logo-Color@Trans-800x341.png; info@nomsmagazine.com; tip@nomsmagazine.com; careers@nomsmagazine.com; advertise@nomsmagazine.com; Vancouver_IceCream_Festival_Logo-Color@Trans-770x328.png; Vancouver_IceCream_Festival_Logo-Color@Trans.png; ipl-d@2x.png; feedback@nomsmagazine.com; jason@nomsmagazine.com,+13333333333,long beach california restaurants
www.pinterest.com,http://www.pinterest.com/nomsmagazine,,,+13465662712,long beach california restaurants
nomsmagazine.com,https://nomsmagazine.com/best-spokane-restaurants/,Vancouver_IceCream_Festival_Logo-Color@Trans-1160x494.png,ipl-l@2x.png; Vancouver_IceCream_Festival_Logo-Color@Trans-800x341.png; info@nomsmagazine.com; tip@nomsmagazine.com; careers@nomsmagazine.com; advertise@nomsmagazine.com; Vancouver_IceCream_Festival_Logo-Color@Trans-770x328.png; Vancouver_IceCream_Festival_Logo-Color@Trans.png; ipl-d@2x.png; feedback@nomsmagazine.com; jason@nomsmagazine.com,+12292808488,long beach california restaurants
ellieslbc.com,https://ellieslbc.com,user@domain.com,hello@ellieslbc.com,+11000005277,long beach california restaurants
nomsmagazine.com,https://nomsmagazine.com/editorial-guidelines/,Vancouver_IceCream_Festival_Logo-Color@Trans-1160x494.png,ipl-l@2x.png; Vancouver_IceCream_Festival_Logo-Color@Trans-800x341.png; info@nomsmagazine.com; tip@nomsmagazine.com; careers@nomsmagazine.com; advertise@nomsmagazine.com; Vancouver_IceCream_Festival_Logo-Color@Trans-770x328.png; Vancouver_IceCream_Festival_Logo-Color@Trans.png; ipl-d@2x.png; feedback@nomsmagazine.com; jason@nomsmagazine.com,+13333333333,long beach california restaurants
nomsmagazine.com,https://nomsmagazine.com/portland-or/,Vancouver_IceCream_Festival_Logo-Color@Trans-1160x494.png,ipl-l@2x.png; Vancouver_IceCream_Festival_Logo-Color@Trans-800x341.png; info@nomsmagazine.com; tip@nomsmagazine.com; careers@nomsmagazine.com; advertise@nomsmagazine.com; Vancouver_IceCream_Festival_Logo-Color@Trans-770x328.png; Vancouver_IceCream_Festival_Logo-Color@Trans.png; ipl-d@2x.png; feedback@nomsmagazine.com; jason@nomsmagazine.com,+13333333333,long beach california restaurants
kinlongbeachkitchen.com,https://kinlongbeachkitchen.com,kinlongbeachkitchen@gmail.com,,+15623175142,long beach california restaurants
nomsmagazine.com,https://nomsmagazine.com/events/greater-vancouver-cars-and-coffee-summer-spectacular-ii/,Vancouver_IceCream_Festival_Logo-Color@Trans-1160x494.png,ipl-l@2x.png; Vancouver_IceCream_Festival_Logo-Color@Trans-800x341.png; info@nomsmagazine.com; tip@nomsmagazine.com; careers@nomsmagazine.com; advertise@nomsmagazine.com; Vancouver_IceCream_Festival_Logo-Color@Trans-770x328.png; Vancouver_IceCream_Festival_Logo-Color@Trans.png; ipl-d@2x.png; feedback@nomsmagazine.com; jason@nomsmagazine.com,+12292808488,long beach california restaurants
nomsmagazine.com,https://nomsmagazine.com/best-food-in-burnaby/,Vancouver_IceCream_Festival_Logo-Color@Trans-1160x494.png,ipl-l@2x.png; Vancouver_IceCream_Festival_Logo-Color@Trans-800x341.png; info@nomsmagazine.com; tip@nomsmagazine.com; careers@nomsmagazine.com; advertise@nomsmagazine.com; Vancouver_IceCream_Festival_Logo-Color@Trans-770x328.png; Vancouver_IceCream_Festival_Logo-Color@Trans.png; ipl-d@2x.png; feedback@nomsmagazine.com; jason@nomsmagazine.com,+13333333333,long beach california restaurants
nomsmagazine.com,https://nomsmagazine.com,Vancouver_IceCream_Festival_Logo-Color@Trans-1160x494.png,ipl-l@2x.png; Vancouver_IceCream_Festival_Logo-Color@Trans-800x341.png; info@nomsmagazine.com; tip@nomsmagazine.com; careers@nomsmagazine.com; advertise@nomsmagazine.com; Vancouver_IceCream_Festival_Logo-Color@Trans-770x328.png; Vancouver_IceCream_Festival_Logo-Color@Trans.png; ipl-d@2x.png; feedback@nomsmagazine.com; jason@nomsmagazine.com,+13333333333,long beach california restaurants
www.ajiperuviancuisine.com,https://www.ajiperuviancuisine.com,ajiperuviancuisine@gmail.com,605a7baede844d278b89dc95ae0a9123@sentry-next.wixpress.com,+10257609233,long beach california restaurants
nomsmagazine.com,https://nomsmagazine.com/contact/,ipl-l@2x.png,Vancouver_IceCream_Festival_Logo-Color@Trans-1160x494.png; info@nomsmagazine.com; Vancouver_IceCream_Festival_Logo-Color@Trans-800x341.png; tip@nomsmagazine.com; careers@nomsmagazine.com; advertise@nomsmagazine.com; Vancouver_IceCream_Festival_Logo-Color@Trans-770x328.png; Vancouver_IceCream_Festival_Logo-Color@Trans.png; ipl-d@2x.png; feedback@nomsmagazine.com; jason@nomsmagazine.com,+13333333333,long beach california restaurants
www.the-breakfast-bar.com,http://www.the-breakfast-bar.com,info@the-breakfast-bar.com,,+11000500957,long beach california restaurants
nomsmagazine.com,https://nomsmagazine.com/best-pasadena-restaurants-ca/,Vancouver_IceCream_Festival_Logo-Color@Trans-1160x494.png,ipl-l@2x.png; Vancouver_IceCream_Festival_Logo-Color@Trans-800x341.png; info@nomsmagazine.com; tip@nomsmagazine.com; careers@nomsmagazine.com; advertise@nomsmagazine.com; Vancouver_IceCream_Festival_Logo-Color@Trans-770x328.png; Vancouver_IceCream_Festival_Logo-Color@Trans.png; ipl-d@2x.png; feedback@nomsmagazine.com; jason@nomsmagazine.com,+13333333333,long beach california restaurants
nomsmagazine.com,https://nomsmagazine.com/eat/ultimate-vancouver-food-bucket-list/,Vancouver_IceCream_Festival_Logo-Color@Trans-1160x494.png,ipl-l@2x.png; Vancouver_IceCream_Festival_Logo-Color@Trans-800x341.png; info@nomsmagazine.com; tip@nomsmagazine.com; careers@nomsmagazine.com; advertise@nomsmagazine.com; Vancouver_IceCream_Festival_Logo-Color@Trans-770x328.png; Vancouver_IceCream_Festival_Logo-Color@Trans.png; ipl-d@2x.png; feedback@nomsmagazine.com; jason@nomsmagazine.com,+12292808488,long beach california restaurants
nicksrestaurants.com,http://nicksrestaurants.com/nicks-on-2nd/,hello@nicksrestaurants.com,events@nicksrestaurants.com,+13333333333,long beach california restaurants
nomsmagazine.com,https://nomsmagazine.com/cool-and-unique-things-to-do-in-vancouver/,nour@khatib.ca,Vancouver_IceCream_Festival_Logo-Color@Trans-1160x494.png; ipl-l@2x.png; Vancouver_IceCream_Festival_Logo-Color@Trans-800x341.png; info@nomsmagazine.com; tip@nomsmagazine.com; careers@nomsmagazine.com; advertise@nomsmagazine.com; info@darktable.ca; Vancouver_IceCream_Festival_Logo-Color@Trans-770x328.png; Vancouver_IceCream_Festival_Logo-Color@Trans.png; ipl-d@2x.png; feedback@nomsmagazine.com; jason@nomsmagazine.com,+12292808488,long beach california restaurants
nomsmagazine.com,https://nomsmagazine.com/best-food-in-vancouver/,Vancouver_IceCream_Festival_Logo-Color@Trans-1160x494.png,ipl-l@2x.png; Vancouver_IceCream_Festival_Logo-Color@Trans-800x341.png; info@nomsmagazine.com; tip@nomsmagazine.com; careers@nomsmagazine.com; advertise@nomsmagazine.com; Vancouver_IceCream_Festival_Logo-Color@Trans-770x328.png; Vancouver_IceCream_Festival_Logo-Color@Trans.png; ipl-d@2x.png; feedback@nomsmagazine.com; jason@nomsmagazine.com,+12292808488,long beach california restaurants
www.pinterest.com,https://www.pinterest.com/pin/create/button/?url=https%3A%2F%2Fnomsmagazine.com%2Fbest-long-beach-restaurants%2F,,,+18307750885,long beach california restaurants
www.saintandsecond.com,http://www.saintandsecond.com/,,,+19234100910,long beach california restaurants
nomsmagazine.com,https://nomsmagazine.com/about/,Vancouver_IceCream_Festival_Logo-Color@Trans-1160x494.png,ipl-l@2x.png; Vancouver_IceCream_Festival_Logo-Color@Trans-800x341.png; info@nomsmagazine.com; tip@nomsmagazine.com; careers@nomsmagazine.com; advertise@nomsmagazine.com; Vancouver_IceCream_Festival_Logo-Color@Trans-770x328.png; Vancouver_IceCream_Festival_Logo-Color@Trans.png; ipl-d@2x.png; feedback@nomsmagazine.com; jason@nomsmagazine.com,+13333333333,long beach california restaurants
nomsmagazine.com,https://nomsmagazine.com/richmonds-asian-bakery-robbed-twice-daango/,Vancouver_IceCream_Festival_Logo-Color@Trans-1160x494.png,ipl-l@2x.png; Vancouver_IceCream_Festival_Logo-Color@Trans-800x341.png; info@nomsmagazine.com; tip@nomsmagazine.com; careers@nomsmagazine.com; advertise@nomsmagazine.com; Vancouver_IceCream_Festival_Logo-Color@Trans-770x328.png; Vancouver_IceCream_Festival_Logo-Color@Trans.png; ipl-d@2x.png; feedback@nomsmagazine.com; jason@nomsmagazine.com,+13333333333,long beach california restaurants
nomsmagazine.com,https://nomsmagazine.com/events/house-summer-bbq-social/,Vancouver_IceCream_Festival_Logo-Color@Trans-1160x494.png,ipl-l@2x.png; Vancouver_IceCream_Festival_Logo-Color@Trans-800x341.png; info@nomsmagazine.com; tip@nomsmagazine.com; careers@nomsmagazine.com; advertise@nomsmagazine.com; Vancouver_IceCream_Festival_Logo-Color@Trans-770x328.png; Vancouver_IceCream_Festival_Logo-Color@Trans.png; ipl-d@2x.png; feedback@nomsmagazine.com; jason@nomsmagazine.com,+12292808488,long beach california restaurants
nomsmagazine.com,https://nomsmagazine.com/category/united-states/washington/,Vancouver_IceCream_Festival_Logo-Color@Trans-1160x494.png,ipl-l@2x.png; Vancouver_IceCream_Festival_Logo-Color@Trans-800x341.png; info@nomsmagazine.com; tip@nomsmagazine.com; careers@nomsmagazine.com; advertise@nomsmagazine.com; Vancouver_IceCream_Festival_Logo-Color@Trans-770x328.png; Vancouver_IceCream_Festival_Logo-Color@Trans.png; ipl-d@2x.png; feedback@nomsmagazine.com; jason@nomsmagazine.com,+13333333333,long beach california restaurants
nomsmagazine.com,https://nomsmagazine.com/privacy-policy/,Vancouver_IceCream_Festival_Logo-Color@Trans-1160x494.png,ipl-l@2x.png; Vancouver_IceCream_Festival_Logo-Color@Trans-800x341.png; info@nomsmagazine.com; tip@nomsmagazine.com; careers@nomsmagazine.com; advertise@nomsmagazine.com; Vancouver_IceCream_Festival_Logo-Color@Trans-770x328.png; Vancouver_IceCream_Festival_Logo-Color@Trans.png; ipl-d@2x.png; feedback@nomsmagazine.com; jason@nomsmagazine.com,+13333333333,long beach california restaurants
nomsmagazine.com,https://nomsmagazine.com/pizzeria-new-downtown-vancouver-napoletana/,Vancouver_IceCream_Festival_Logo-Color@Trans-1160x494.png,ipl-l@2x.png; Vancouver_IceCream_Festival_Logo-Color@Trans-800x341.png; info@nomsmagazine.com; tip@nomsmagazine.com; careers@nomsmagazine.com; advertise@nomsmagazine.com; Vancouver_IceCream_Festival_Logo-Color@Trans-770x328.png; Vancouver_IceCream_Festival_Logo-Color@Trans.png; ipl-d@2x.png; feedback@nomsmagazine.com; jason@nomsmagazine.com,+13333333333,long beach california restaurants
www.youtube.com,https://www.youtube.com/Nomsmagazine,,,+13888000000,long beach california restaurants
nomsmagazine.com,https://nomsmagazine.com/terms/,Vancouver_IceCream_Festival_Logo-Color@Trans-1160x494.png,ipl-l@2x.png; Vancouver_IceCream_Festival_Logo-Color@Trans-800x341.png; info@nomsmagazine.com; tip@nomsmagazine.com; careers@nomsmagazine.com; advertise@nomsmagazine.com; Vancouver_IceCream_Festival_Logo-Color@Trans-770x328.png; Vancouver_IceCream_Festival_Logo-Color@Trans.png; ipl-d@2x.png; feedback@nomsmagazine.com; jason@nomsmagazine.com,+13333333333,long beach california restaurants
nomsmagazine.com,https://nomsmagazine.com/tag/cool-food/,Vancouver_IceCream_Festival_Logo-Color@Trans-1160x494.png,ipl-l@2x.png; Vancouver_IceCream_Festival_Logo-Color@Trans-800x341.png; info@nomsmagazine.com; tip@nomsmagazine.com; careers@nomsmagazine.com; advertise@nomsmagazine.com; Vancouver_IceCream_Festival_Logo-Color@Trans-770x328.png; Vancouver_IceCream_Festival_Logo-Color@Trans.png; ipl-d@2x.png; feedback@nomsmagazine.com; jason@nomsmagazine.com,+13333333333,long beach california restaurants
nomsmagazine.com,https://nomsmagazine.com/new-fruit-salad-shop-richmond-fruitbox/,Vancouver_IceCream_Festival_Logo-Color@Trans-1160x494.png,ipl-l@2x.png; Vancouver_IceCream_Festival_Logo-Color@Trans-800x341.png; info@nomsmagazine.com; tip@nomsmagazine.com; careers@nomsmagazine.com; advertise@nomsmagazine.com; Vancouver_IceCream_Festival_Logo-Color@Trans-770x328.png; Vancouver_IceCream_Festival_Logo-Color@Trans.png; ipl-d@2x.png; feedback@nomsmagazine.com; jason@nomsmagazine.com,+13333333333,long beach california restaurants
nomsmagazine.com,https://nomsmagazine.com/best-food-in-richmond/,Vancouver_IceCream_Festival_Logo-Color@Trans-1160x494.png,ipl-l@2x.png; Vancouver_IceCream_Festival_Logo-Color@Trans-800x341.png; info@nomsmagazine.com; tip@nomsmagazine.com; careers@nomsmagazine.com; advertise@nomsmagazine.com; Vancouver_IceCream_Festival_Logo-Color@Trans-770x328.png; Vancouver_IceCream_Festival_Logo-Color@Trans.png; ipl-d@2x.png; feedback@nomsmagazine.com; jason@nomsmagazine.com,+13333333333,long beach california restaurants
nomsmagazine.com,https://nomsmagazine.com/event-calendar/,Vancouver_IceCream_Festival_Logo-Color@Trans-1160x494.png,ipl-l@2x.png; Vancouver_IceCream_Festival_Logo-Color@Trans-800x341.png; info@nomsmagazine.com; tip@nomsmagazine.com; careers@nomsmagazine.com; advertise@nomsmagazine.com; Vancouver_IceCream_Festival_Logo-Color@Trans-770x328.png; Vancouver_IceCream_Festival_Logo-Color@Trans.png; ipl-d@2x.png; feedback@nomsmagazine.com; jason@nomsmagazine.com,+12292808488,long beach california restaurants
nomsmagazine.com,https://nomsmagazine.com/things-to-do-in-vancouver-at-night/,Vancouver_IceCream_Festival_Logo-Color@Trans-1160x494.png,ipl-l@2x.png; Vancouver_IceCream_Festival_Logo-Color@Trans-800x341.png; info@nomsmagazine.com; tip@nomsmagazine.com; careers@nomsmagazine.com; advertise@nomsmagazine.com; Vancouver_IceCream_Festival_Logo-Color@Trans-770x328.png; Vancouver_IceCream_Festival_Logo-Color@Trans.png; ipl-d@2x.png; feedback@nomsmagazine.com; jason@nomsmagazine.com,+12292808488,long beach california restaurants
nomsmagazine.com,https://nomsmagazine.com/calgary/,Vancouver_IceCream_Festival_Logo-Color@Trans-1160x494.png,ipl-l@2x.png; Vancouver_IceCream_Festival_Logo-Color@Trans-800x341.png; info@nomsmagazine.com; tip@nomsmagazine.com; careers@nomsmagazine.com; advertise@nomsmagazine.com; Vancouver_IceCream_Festival_Logo-Color@Trans-770x328.png; Vancouver_IceCream_Festival_Logo-Color@Trans.png; ipl-d@2x.png; feedback@nomsmagazine.com; jason@nomsmagazine.com,+13333333333,long beach california restaurants
www.surakbbq.com,https://www.surakbbq.com,,,+15624957872,long beach california restaurants
nomsmagazine.com,https://nomsmagazine.com/toronto/,Vancouver_IceCream_Festival_Logo-Color@Trans-1160x494.png,ipl-l@2x.png; Vancouver_IceCream_Festival_Logo-Color@Trans-800x341.png; info@nomsmagazine.com; tip@nomsmagazine.com; careers@nomsmagazine.com; advertise@nomsmagazine.com; Vancouver_IceCream_Festival_Logo-Color@Trans-770x328.png; Vancouver_IceCream_Festival_Logo-Color@Trans.png; ipl-d@2x.png; feedback@nomsmagazine.com; jason@nomsmagazine.com,+13333333333,long beach california restaurants
nomsmagazine.com,https://nomsmagazine.com/category/restaurants/,Vancouver_IceCream_Festival_Logo-Color@Trans-1160x494.png,ipl-l@2x.png; Vancouver_IceCream_Festival_Logo-Color@Trans-800x341.png; info@nomsmagazine.com; tip@nomsmagazine.com; careers@nomsmagazine.com; advertise@nomsmagazine.com; Vancouver_IceCream_Festival_Logo-Color@Trans-770x328.png; Vancouver_IceCream_Festival_Logo-Color@Trans.png; ipl-d@2x.png; feedback@nomsmagazine.com; jason@nomsmagazine.com,+13333333333,long beach california restaurants
nomsmagazine.com,https://nomsmagazine.com/things-to-do-in-burnaby/,Vancouver_IceCream_Festival_Logo-Color@Trans-1160x494.png,ipl-l@2x.png; Vancouver_IceCream_Festival_Logo-Color@Trans-800x341.png; info@nomsmagazine.com; tip@nomsmagazine.com; careers@nomsmagazine.com; advertise@nomsmagazine.com; Vancouver_IceCream_Festival_Logo-Color@Trans-770x328.png; Vancouver_IceCream_Festival_Logo-Color@Trans.png; ipl-d@2x.png; feedback@nomsmagazine.com; jason@nomsmagazine.com,+12292808488,long beach california restaurants
nomsmagazine.com,https://nomsmagazine.com/newsletter/,Vancouver_IceCream_Festival_Logo-Color@Trans-1160x494.png,ipl-l@2x.png; Vancouver_IceCream_Festival_Logo-Color@Trans-800x341.png; info@nomsmagazine.com; tip@nomsmagazine.com; careers@nomsmagazine.com; advertise@nomsmagazine.com; Vancouver_IceCream_Festival_Logo-Color@Trans-770x328.png; Vancouver_IceCream_Festival_Logo-Color@Trans.png; ipl-d@2x.png; feedback@nomsmagazine.com; jason@nomsmagazine.com,+13333333333,long beach california restaurants
nomsmagazine.com,https://nomsmagazine.com/best-evanston-restaurants/,Vancouver_IceCream_Festival_Logo-Color@Trans-1160x494.png,ipl-l@2x.png; Vancouver_IceCream_Festival_Logo-Color@Trans-800x341.png; info@nomsmagazine.com; tip@nomsmagazine.com; careers@nomsmagazine.com; advertise@nomsmagazine.com; Vancouver_IceCream_Festival_Logo-Color@Trans-770x328.png; Vancouver_IceCream_Festival_Logo-Color@Trans.png; ipl-d@2x.png; feedback@nomsmagazine.com; jason@nomsmagazine.com,+13333333333,long beach california restaurants
nomsmagazine.com,https://nomsmagazine.com/category/united-states/illinois/,Vancouver_IceCream_Festival_Logo-Color@Trans-1160x494.png,ipl-l@2x.png; Vancouver_IceCream_Festival_Logo-Color@Trans-800x341.png; info@nomsmagazine.com; tip@nomsmagazine.com; careers@nomsmagazine.com; advertise@nomsmagazine.com; Vancouver_IceCream_Festival_Logo-Color@Trans-770x328.png; Vancouver_IceCream_Festival_Logo-Color@Trans.png; ipl-d@2x.png; feedback@nomsmagazine.com; jason@nomsmagazine.com,+13333333333,long beach california restaurants
nomsmagazine.com,https://nomsmagazine.com/budget-friendly-things-to-do-in-vancouver/,Vancouver_IceCream_Festival_Logo-Color@Trans-1160x494.png,ipl-l@2x.png; Vancouver_IceCream_Festival_Logo-Color@Trans-800x341.png; info@nomsmagazine.com; tip@nomsmagazine.com; careers@nomsmagazine.com; advertise@nomsmagazine.com; Vancouver_IceCream_Festival_Logo-Color@Trans-770x328.png; Vancouver_IceCream_Festival_Logo-Color@Trans.png; ipl-d@2x.png; feedback@nomsmagazine.com; jason@nomsmagazine.com,+12292808488,long beach california restaurants
www.theordinarie.com,https://www.theordinarie.com,2062d0a4929b45348643784b5cb39c36@sentry.wixpress.com,Info@theordinarie.com; Info@TheOrdinarie.com; 605a7baede844d278b89dc95ae0a9123@sentry-next.wixpress.com; 8eb368c655b84e029ed79ad7a5c1718e@sentry.wixpress.com,+16577613973,long beach california restaurants
nomsmagazine.com,https://nomsmagazine.com/best-midtown-restaurants-in-nyc/,Vancouver_IceCream_Festival_Logo-Color@Trans-1160x494.png,ipl-l@2x.png; Vancouver_IceCream_Festival_Logo-Color@Trans-800x341.png; info@nomsmagazine.com; tip@nomsmagazine.com; careers@nomsmagazine.com; advertise@nomsmagazine.com; Vancouver_IceCream_Festival_Logo-Color@Trans-770x328.png; Vancouver_IceCream_Festival_Logo-Color@Trans.png; ipl-d@2x.png; feedback@nomsmagazine.com; jason@nomsmagazine.com,+12292808488,long beach california restaurants
nomsmagazine.com,https://nomsmagazine.com/tag/vancouver/,Vancouver_IceCream_Festival_Logo-Color@Trans-1160x494.png,ipl-l@2x.png; Vancouver_IceCream_Festival_Logo-Color@Trans-800x341.png; info@nomsmagazine.com; tip@nomsmagazine.com; careers@nomsmagazine.com; advertise@nomsmagazine.com; Vancouver_IceCream_Festival_Logo-Color@Trans-770x328.png; Vancouver_IceCream_Festival_Logo-Color@Trans.png; ipl-d@2x.png; feedback@nomsmagazine.com; jason@nomsmagazine.com,+13333333333,long beach california restaurants
nomsmagazine.com,https://nomsmagazine.com/tag/downtown-vancouver/,Vancouver_IceCream_Festival_Logo-Color@Trans-1160x494.png,ipl-l@2x.png; Vancouver_IceCream_Festival_Logo-Color@Trans-800x341.png; info@nomsmagazine.com; tip@nomsmagazine.com; careers@nomsmagazine.com; advertise@nomsmagazine.com; Vancouver_IceCream_Festival_Logo-Color@Trans-770x328.png; Vancouver_IceCream_Festival_Logo-Color@Trans.png; ipl-d@2x.png; feedback@nomsmagazine.com; jason@nomsmagazine.com,+13333333333,long beach california restaurants
nomsmagazine.com,https://nomsmagazine.com/things-to-do-in-burnaby-at-night/,Vancouver_IceCream_Festival_Logo-Color@Trans-1160x494.png,ipl-l@2x.png; Vancouver_IceCream_Festival_Logo-Color@Trans-800x341.png; info@nomsmagazine.com; tip@nomsmagazine.com; careers@nomsmagazine.com; advertise@nomsmagazine.com; Vancouver_IceCream_Festival_Logo-Color@Trans-770x328.png; Vancouver_IceCream_Festival_Logo-Color@Trans.png; ipl-d@2x.png; feedback@nomsmagazine.com; jason@nomsmagazine.com,+12292808488,long beach california restaurants
nomsmagazine.com,https://nomsmagazine.com/advertise-with-us/,Vancouver_IceCream_Festival_Logo-Color@Trans-1160x494.png,ipl-l@2x.png; Vancouver_IceCream_Festival_Logo-Color@Trans-800x341.png; info@nomsmagazine.com; tip@nomsmagazine.com; careers@nomsmagazine.com; advertise@nomsmagazine.com; Vancouver_IceCream_Festival_Logo-Color@Trans-770x328.png; Vancouver_IceCream_Festival_Logo-Color@Trans.png; ipl-d@2x.png; feedback@nomsmagazine.com; jason@nomsmagazine.com,+13333333333,long beach california restaurants
nomsmagazine.com,https://nomsmagazine.com/things-to-do-in-richmond-bc/,Vancouver_IceCream_Festival_Logo-Color@Trans-1160x494.png,ipl-l@2x.png; Vancouver_IceCream_Festival_Logo-Color@Trans-800x341.png; info@nomsmagazine.com; tip@nomsmagazine.com; careers@nomsmagazine.com; advertise@nomsmagazine.com; Vancouver_IceCream_Festival_Logo-Color@Trans-770x328.png; Vancouver_IceCream_Festival_Logo-Color@Trans.png; ipl-d@2x.png; feedback@nomsmagazine.com; jason@nomsmagazine.com,+12292808488,long beach california restaurants
nomsmagazine.com,https://nomsmagazine.com/filipino-restaurant-to-go-canadian-outpost-maxs/,Vancouver_IceCream_Festival_Logo-Color@Trans-1160x494.png,ipl-l@2x.png; Vancouver_IceCream_Festival_Logo-Color@Trans-800x341.png; info@nomsmagazine.com; tip@nomsmagazine.com; careers@nomsmagazine.com; advertise@nomsmagazine.com; Vancouver_IceCream_Festival_Logo-Color@Trans-770x328.png; Vancouver_IceCream_Festival_Logo-Color@Trans.png; ipl-d@2x.png; feedback@nomsmagazine.com; jason@nomsmagazine.com,+12292808488,long beach california restaurants
nomsmagazine.com,https://nomsmagazine.com/eat/,Vancouver_IceCream_Festival_Logo-Color@Trans-1160x494.png,ipl-l@2x.png; Vancouver_IceCream_Festival_Logo-Color@Trans-800x341.png; info@nomsmagazine.com; tip@nomsmagazine.com; careers@nomsmagazine.com; advertise@nomsmagazine.com; Vancouver_IceCream_Festival_Logo-Color@Trans-770x328.png; Vancouver_IceCream_Festival_Logo-Color@Trans.png; ipl-d@2x.png; feedback@nomsmagazine.com; jason@nomsmagazine.com,+13333333333,long beach california restaurants
nomsmagazine.com,https://nomsmagazine.com/things-to-do-in-richmond-bc-at-night/,Vancouver_IceCream_Festival_Logo-Color@Trans-1160x494.png,ipl-l@2x.png; Vancouver_IceCream_Festival_Logo-Color@Trans-800x341.png; info@nomsmagazine.com; tip@nomsmagazine.com; careers@nomsmagazine.com; advertise@nomsmagazine.com; Vancouver_IceCream_Festival_Logo-Color@Trans-770x328.png; Vancouver_IceCream_Festival_Logo-Color@Trans.png; ipl-d@2x.png; feedback@nomsmagazine.com; jason@nomsmagazine.com,+12292808488,long beach california restaurants
nomsmagazine.com,https://nomsmagazine.com/category/united-states/,Vancouver_IceCream_Festival_Logo-Color@Trans-1160x494.png,ipl-l@2x.png; Vancouver_IceCream_Festival_Logo-Color@Trans-800x341.png; info@nomsmagazine.com; tip@nomsmagazine.com; careers@nomsmagazine.com; advertise@nomsmagazine.com; Vancouver_IceCream_Festival_Logo-Color@Trans-770x328.png; Vancouver_IceCream_Festival_Logo-Color@Trans.png; ipl-d@2x.png; feedback@nomsmagazine.com; jason@nomsmagazine.com,+13333333333,long beach california restaurants
www.visitlongbeach.com,https://www.visitlongbeach.com/things-to-do/attractions/,info@longbeachcvb.org,info@visitlb.com,+11686580623,long beach california restaurants
www.visitlongbeach.com,https://www.visitlongbeach.com/things-to-do/whale-watching/,info@longbeachcvb.org,info@visitlb.com,+11686580623,long beach california restaurants
www.visitlongbeach.com,https://www.visitlongbeach.com/meetings/,info@longbeachcvb.org,info@visitlb.com,+11183624580,long beach california restaurants
www.visitlongbeach.com,https://www.visitlongbeach.com/,info@longbeachcvb.org,info@visitlb.com,+11686580623,long beach california restaurants
www.longbeachcc.com,https://www.longbeachcc.com/,info@longbeachcc.com,HR@longbeachcc.com,+11094409869,long beach california restaurants
www.visitlongbeach.com,https://www.visitlongbeach.com/meetings/contact-us/,info@longbeachcvb.org,info@visitlb.com,+11158726238,long beach california restaurants
www.visitlongbeach.com,https://www.visitlongbeach.com/blog/beach-cafes/,info@longbeachcvb.org,info@visitlb.com,+11505880072,long beach california restaurants
www.visitlongbeach.com,https://www.visitlongbeach.com/blog/unexpected-art-in-long-beach/,info@longbeachcvb.org,info@visitlb.com,+11686580623,long beach california restaurants
www.visitlongbeach.com,https://www.visitlongbeach.com/neighborhoods/,info@longbeachcvb.org,info@visitlb.com,+11701124906,long beach california restaurants
www.visitlongbeach.com,https://www.visitlongbeach.com/things-to-do/,info@longbeachcvb.org,info@visitlb.com,+16122572010,long beach california restaurants
www.visitlongbeach.com,https://www.visitlongbeach.com/about-long-beach/,info@longbeachcvb.org,info@visitlb.com,+11366771771,long beach california restaurants
www.visitlongbeach.com,https://www.visitlongbeach.com/food-drink/nightlife/,info@longbeachcvb.org,info@visitlb.com,+11181934178,long beach california restaurants
www.visitlongbeach.com,https://www.visitlongbeach.com/about-visit-lb/,info@longbeachcvb.org,info@visitlb.com,+11138411255,long beach california restaurants
www.visitlongbeach.com,https://www.visitlongbeach.com/directory/bushfire-kitchen/,admin@bushfirekitchen.com,info@longbeachcvb.org; info@visitlb.com,+11701124906,long beach california restaurants
www.visitlongbeach.com,https://www.visitlongbeach.com/meetings/meeting-facilities/,info@longbeachcvb.org,info@visitlb.com,+11206252688,long beach california restaurants
www.visitlongbeach.com,https://www.visitlongbeach.com/meetings/the-cool-factor/,info@longbeachcvb.org,info@visitlb.com,+12197699642,long beach california restaurants
www.visitlongbeach.com,https://www.visitlongbeach.com/hotels/,info@longbeachcvb.org,info@visitlb.com,+11181494816,long beach california restaurants
www.visitlongbeach.com,https://www.visitlongbeach.com/plan-your-trip/,info@longbeachcvb.org,info@visitlb.com,+11424086822,long beach california restaurants
www.visitlongbeach.com,https://www.visitlongbeach.com/press/,communications@visitlb.com,SamanthaM@visitlb.com; info@longbeachcvb.org; info@visitlb.com; ClaireA@visitlb.com,+11172440516,long beach california restaurants
www.visitlongbeach.com,https://www.visitlongbeach.com/meetings/service-providers/,info@longbeachcvb.org,info@visitlb.com,+11162133307,long beach california restaurants
www.visitlongbeach.com,https://www.visitlongbeach.com/privacy-policy/,info@longbeachcvb.org,info@visitlb.com,+11477775579,long beach california restaurants
www.visitlongbeach.com,https://www.visitlongbeach.com/blog/affordable-summer-fun-in-long-beach/,info@longbeachcvb.org,info@visitlb.com,+11686580623,long beach california restaurants
www.visitlongbeach.com,https://www.visitlongbeach.com/events/annual-events/,info@longbeachcvb.org,info@visitlb.com,+16497451276,long beach california restaurants
www.visitlongbeach.com,https://www.visitlongbeach.com/meetings/convention-services-pages/,services@longbeachcvb.org,info@longbeachcvb.org; info@visitlb.com,+11603194947,long beach california restaurants
www.visitlongbeach.com,https://www.visitlongbeach.com/plan-your-trip/transportation/,info@longbeachcvb.org,info@visitlb.com,+12023436410,long beach california restaurants
www.visitlongbeach.com,https://www.visitlongbeach.com/food-drink/restaurants/,info@longbeachcvb.org,info@visitlb.com,+11174655046,long beach california restaurants
www.visitlongbeach.com,https://www.visitlongbeach.com/blog/5-rooftops-patios-for-dining-and-drinks/,info@longbeachcvb.org,info@visitlb.com,+15629830056,long beach california restaurants
www.visitlongbeach.com,https://www.visitlongbeach.com/food-drink/,info@longbeachcvb.org,info@visitlb.com,+11127127885,long beach california restaurants
www.visitlongbeach.com,https://www.visitlongbeach.com/plan-your-trip/cruise-terminal-information/,info@longbeachcvb.org,info@visitlb.com,+15629830056,long beach california restaurants
www.visitlongbeach.com,https://www.visitlongbeach.com/blog/long-beach-walls/,info@longbeachcvb.org,info@visitlb.com,+11428928531,long beach california restaurants
www.visitlongbeach.com,https://www.visitlongbeach.com/blog/cuisine-scene-juice-bars/,info@longbeachcvb.org,info@visitlb.com,+11686580623,long beach california restaurants
www.visitlongbeach.com,https://www.visitlongbeach.com/blog/,info@longbeachcvb.org,info@visitlb.com,+11794103247,long beach california restaurants
www.visitlongbeach.com,https://www.visitlongbeach.com/members/,paulaa@visitlb.com,jefff@longbeachcvb.org; info@longbeachcvb.org; info@visitlb.com,+11191246680,long beach california restaurants
www.visitlongbeach.com,https://www.visitlongbeach.com/events/this-weekend-in-long-beach-events-things-to-do/,info@longbeachcvb.org,info@visitlb.com,+11388586089,long beach california restaurants
www.visitlongbeach.com,https://www.visitlongbeach.com/travel-professionals/,info@longbeachcvb.org,info@visitlb.com,+11181890229,long beach california restaurants
www.visitcalifornia.com,https://www.visitcalifornia.com/,Web@VisitCalifornia.com,molly.fitch@meredith.com,+11752613861,long beach california restaurants
www.visitlongbeach.com,https://www.visitlongbeach.com/things-to-do/family-fun/,info@longbeachcvb.org,info@visitlb.com,+11488764652,long beach california restaurants
www.visitlongbeach.com,https://www.visitlongbeach.com/blog/comedy-shows/,info@longbeachcvb.org,info@visitlb.com,+11686580623,long beach california restaurants
www.visitlongbeach.com,https://www.visitlongbeach.com/meetings/request-for-proposal/,josephj@longbeachcvb.org,email@domain.com; info@longbeachcvb.org; info@visitlb.com,+11701124906,long beach california restaurants
www.visitlongbeach.com,https://www.visitlongbeach.com/things-to-do/catalina-island/,info@longbeachcvb.org,info@visitlb.com,+11686580623,long beach california restaurants
www.visitlongbeach.com,https://www.visitlongbeach.com/blog/upcoming-kid-friendly-shows-at-the-long-beach-convention-center/,info@longbeachcvb.org,info@visitlb.com,+13213694843,long beach california restaurants
www.visitlongbeach.com,https://www.visitlongbeach.com/plan-your-trip/maps/,info@longbeachcvb.org,info@visitlb.com,+11822323843,long beach california restaurants
www.visitlongbeach.com,https://www.visitlongbeach.com/blog/cuisine-scene-ice-cream/,info@longbeachcvb.org,info@visitlb.com,+13055752560,long beach california restaurants
www.visitlongbeach.com,https://www.visitlongbeach.com/food-drink/breweries/,info@longbeachcvb.org,info@visitlb.com,+11212561557,long beach california restaurants
www.youtube.com,https://www.youtube.com/user/VisitLongBeachCA/videos/,,,+11752651859,long beach california restaurants
www.latimes.com,https://www.latimes.com/sports/olympics/list/2028-los-angeles-olympics-paralympics-official-venues,studiosdevelopment@latimes.com,thucnhi.nguyen@latimes.com; myra.marayag@latimes.com; rebecca.castillo@latimes.com; LATeducationalsubs@latimes.com; LATimes@wrightsmedia.com; CommsDept@latimes.com; monika.khare@latimes.com,+10579668829,long beach california restaurants
www.visitlongbeach.com,https://www.visitlongbeach.com/things-to-do/arts-culture/,info@longbeachcvb.org,info@visitlb.com,+11128510564,long beach california restaurants
www.visitlongbeach.com,https://www.visitlongbeach.com/contact-us/,info@longbeachcvb.org,info@visitlb.com,+11617199337,long beach california restaurants
www.visitlongbeach.com,https://www.visitlongbeach.com/plan-your-trip/getting-here/,info@longbeachcvb.org,info@visitlb.com,+11294519051,long beach california restaurants
www.visitlongbeach.com,https://www.visitlongbeach.com/blog/cuisine-scene-matcha/,info@longbeachcvb.org,info@visitlb.com,+11686580623,long beach california restaurants
www.visitlongbeach.com,https://www.visitlongbeach.com/meetings/about-meet-lb/,info@longbeachcvb.org,info@visitlb.com,+11194947128,long beach california restaurants
www.visitlongbeach.com,https://www.visitlongbeach.com/weddings/,info@visitlb.com,info@longbeachcvb.org; brookes@visitlb.com,+11686580623,long beach california restaurants
www.linkedin.com,https://www.linkedin.com/sharing/share-offsite/?url=https%3A%2F%2Fwww.visitlongbeach.com%2Fdirectory%2Fbushfire-kitchen%2F,,,+15471430005,long beach california restaurants
www.visitlongbeach.com,https://www.visitlongbeach.com/things-to-do/health-wellness/,info@longbeachcvb.org,info@visitlb.com,+11182419376,long beach california restaurants
www.visitlongbeach.com,https://www.visitlongbeach.com/events/,info@longbeachcvb.org,info@visitlb.com,+11322646024,long beach california restaurants
www.visitlongbeach.com,https://www.visitlongbeach.com/blog/summer-fun-in-catalina/,info@longbeachcvb.org,info@visitlb.com,+11686580623,long beach california restaurants
www.visitlongbeach.com,https://www.visitlongbeach.com/plan-your-trip/airport/,district7@longbeach.gov,cityattorney@longbeach.gov; prosecutor@longbeach.gov; lgbarpt@longbeach.gov; district9@longbeach.gov; district6@longbeach.gov; district4@longbeach.gov; cityclerk@longbeach.gov; district2@longbeach.gov; citymanager@longbeach.gov; auditor@longbeach.gov; district1@longbeach.gov; district5@longbeach.gov; mayor@longbeach.gov; district3@longbeach.gov; district8@longbeach.gov; info@longbeachcvb.org; info@visitlb.com,+11686580623,long beach california restaurants
maps.google.com,http://maps.google.com/?q=4610%20PCH%0ALONG%20BEACH%2C%20California%2090804%0A,,,+17867417732,long beach california restaurants
www.visitlongbeach.com,https://www.visitlongbeach.com/things-to-do/sports-recreation/,info@longbeachcvb.org,info@visitlb.com,+11181890229,long beach california restaurants
www.visitlongbeach.com,https://www.visitlongbeach.com/things-to-do/shopping/,info@longbeachcvb.org,info@visitlb.com,+11686580623,long beach california restaurants
www.bushfirekitchen.com,https://www.bushfirekitchen.com/,59f3fdbcc4da44ab841236a7406e9b3b@sentry.wixpress.com,8eb368c655b84e029ed79ad7a5c1718e@sentry.wixpress.com; 9a65e97ebe8141fca0c4fd686f70996b@sentry.wixpress.com; 8c4075d5481d476e945486754f783364@sentry.io; 18d2f96d279149989b95faf0a4b41882@sentry-next.wixpress.com; 5d1795a2db124a268f1e1bd88f503500@sentry.wixpress.com; 88170cb0c9d64f94b5821ca7fd2d55a4@sentry-next.wixpress.com; mail@example.com; e0b4d631da7b4200828051f7f9c783e3@sentry-next.wixpress.com; 605a7baede844d278b89dc95ae0a9123@sentry-next.wixpress.com; 1eeb89147c984dc6bc3ffafd9e6cd089@sentry.wixpress.com,+11325867604,long beach california restaurants
www.visitlongbeach.com,https://www.visitlongbeach.com/plan-your-trip/visitors-center/,info@longbeachcvb.org,info@visitlb.com,+11101831047,long beach california restaurants
www.visitlongbeach.com,https://www.visitlongbeach.com/things-to-do/day-trips-nearby/,info@longbeachcvb.org,info@visitlb.com,+11686580623,long beach california restaurants
userway.org,https://userway.org,desk@support.userway.org,,+11525518743,long beach california restaurants
thewanderinggirl.com,https://thewanderinggirl.com/best-breakfast-in-long-beach/,,,+11721974388,long beach california restaurants
www.restaurantji.com,https://www.restaurantji.com/ca/long-beach/fast-food/,,,+11181866167,long beach california restaurants
www.555east.com,https://www.555east.com/,tlapresle@watergrill.com,brivera@555east.com; jmontorio@kingsseafood.com; andrewsmith@kingsseafood.com; mgifford@555east.com; mgifford@kingsseafood.com; contactus@555east.com,+11181857774,long beach california restaurants
play.google.com,https://play.google.com/store/apps/details?id=com.infatuation,support@theinfatuation.com,appfeedback@ncsecu.org; asxvmprobertest@gmail.com; smart.journey.prober@gmail.com,+17719298245,long beach california restaurants
www.theinfatuation.com,https://www.theinfatuation.com/los-angeles/reviews/heritage-long-beach,support@theinfatuation.com,,+16015812363,long beach california restaurants
www.youtube.com,https://www.youtube.com/channel/UCLyHIJeu7I-IIiM_k8F7PjA,,,+10541566943,long beach california restaurants
www.google.com,"https://www.google.com/maps/search/?api=1&query=Jongewaard's%20Bake%20N%20Broil+3697 Atlantic Avenue, Long Beach, CA 90807",,,+11575002116,long beach california restaurants
www.google.com,"https://www.google.com/maps/search/?api=1&query=Speak%20Cheezy+3950 E 4th St. , Long Beach, CA 90814",,,+11736303135,long beach california restaurants
apps.apple.com,https://apps.apple.com/us/app/the-infatuation/id465685575,support@theinfatuation.com,,+15295616927,long beach california restaurants
www.tiktok.com,https://www.tiktok.com/@theinfatuation,example@example.com,,+11650691798,long beach california restaurants
www.theinfatuation.com,https://www.theinfatuation.com/los-angeles/guides/the-best-tacos-in-los-angeles,support@theinfatuation.com,,+16015812363,long beach california restaurants
www.google.com,"https://www.google.com/maps/search/?api=1&query=El%20Barrio%20Cantina+1731 E 4th St, Long Beach, CA 90802",,,+11702027659,long beach california restaurants
www.google.com,"https://www.google.com/maps/search/?api=1&query=Sushi%20Nikkei+3819 Atlantic Ave., Long Beach, CA 90807",,,+17376813011,long beach california restaurants
www.google.com,"https://www.google.com/maps/search/?api=1&query=Gusto%20Bread+2710 E 4th Street, Long Beach, CA 90814",,,+11181982293,long beach california restaurants
www.google.com,"https://www.google.com/maps/search/?api=1&query=Olive%20%26%20Rose+255 Atlantic Ave, Long Beach, California 90802",,,+17657704255,long beach california restaurants
open.spotify.com,https://open.spotify.com/user/infatuationmusic,,,+11748290033,long beach california restaurants
www.google.com,"https://www.google.com/maps/search/?api=1&query=A%26J%20Seafood%20Shack+3201 E Anaheim St, Long Beach, CA 90804",,,+11067786687,long beach california restaurants
www.theinfatuation.com,https://www.theinfatuation.com/los-angeles/guides/best-brunch-la-greatest-hits-list,support@theinfatuation.com,,+16015812363,long beach california restaurants
www.opentable.com,http://www.opentable.com/r/livs-seafood-oyster-bar-market-long-beach?ref=16825,,,+11500124060,long beach california restaurants
www.google.com,"https://www.google.com/maps/search/?api=1&query=La%20Parolaccia%20Osteria+2945 E Broadway, Long Beach, CA 90803",,,+17652664177,long beach california restaurants
www.pinterest.com,https://www.pinterest.com/eeeeeats/,,,+15441266554,long beach california restaurants
www.google.com,"https://www.google.com/maps/search/?api=1&query=Ellie's+204 Orange Avenue, Long Beach, CA 90802",,,+11750299591,long beach california restaurants
www.google.com,"https://www.google.com/maps/search/?api=1&query=Chiang%20Rai+3832 E Anaheim St, Long Beach, CA 90804",,,+11181499426,long beach california restaurants
www.google.com,"https://www.google.com/maps/search/?api=1&query=Tacos%20La%20Carreta+3401 E 69th St, Long Beach, CA 90805",,,+11750296370,long beach california restaurants
www.theinfatuation.com,https://www.theinfatuation.com/los-angeles/reviews/bestia,support@theinfatuation.com,,+16015812363,long beach california restaurants
www.opentable.com,http://www.opentable.com/r/marlena-long-beach?ref=16825,info@marlena-longbeach.com,,+12787122373,long beach california restaurants
www.google.com,"https://www.google.com/maps/search/?api=1&query=Sophy's%20+3240 E. Pacific Coast Hwy, Long Beach, CA 90804",,,+13113429072,long beach california restaurants
www.google.com,"https://www.google.com/maps/search/?api=1&query=Rivera's+2901 E 7th St, Long Beach, CA 90804",,,+19285632601,long beach california restaurants
www.theinfatuation.com,https://www.theinfatuation.com/los-angeles/reviews/tasty-food-to-go,support@theinfatuation.com,,+16015812363,long beach california restaurants
www.theinfatuation.com,https://www.theinfatuation.com/los-angeles/reviews/enriques,support@theinfatuation.com,,+16015812363,long beach california restaurants
www.google.com,"https://www.google.com/maps/search/?api=1&query=Marlena+5854 E Naples Plaza, Long Beach, California 90803",,,+11718144114,long beach california restaurants
www.theinfatuation.com,https://www.theinfatuation.com/los-angeles/reviews/thai-district,support@theinfatuation.com,,+16015812363,long beach california restaurants
www.opentable.com,http://www.opentable.com/r/heritage-long-beach?ref=16825,info@heritagefarmlb.com,,+11732082099,long beach california restaurants
www.google.com,"https://www.google.com/maps/search/?api=1&query=Heritage+2030 E 7th St, Long Beach, California 90804",,,+11181890761,long beach california restaurants
www.google.com,"https://www.google.com/maps/search/?api=1&query=Ammatoli+Long Beach, CA 90802",,,+13113070296,long beach california restaurants
www.theinfatuation.com,https://www.theinfatuation.com/los-angeles/reviews/gjusta,support@theinfatuation.com,,+16015812363,long beach california restaurants
www.google.com,"https://www.google.com/maps/search/?api=1&query=Liv%E2%80%99s+5327 2nd St, Long Beach, CA 90803",,,+11706473611,long beach california restaurants
www.opentable.com,http://www.opentable.com/r/sushi-nikkei-bixby-knolls-long-beach?ref=16825,,,+11505260081,long beach california restaurants
www.google.com,"https://www.google.com/maps/search/?api=1&query=Thai%20Curry%20Pizza+929 Redondo Ave., Long Beach, CA 90804",,,+11740028849,long beach california restaurants
www.google.com,"https://www.google.com/maps/search/?api=1&query=Selva+4137 E Anaheim St, Long Beach, CA 90804",,,+11181439033,long beach california restaurants
www.google.com,"https://www.google.com/maps/search/?api=1&query=Phnom%20Penh%20Noodle%20Shack%20+1644 Cherry Ave., Long Beach, CA 90804",,,+11150586224,long beach california restaurants
maps.google.com,http://maps.google.com/?q=71%20South%20Pine%20Avenue%0ALong%20Beach%2C%20California%2090802%0A,,,+17657704255,long beach california restaurants
www.visitlongbeach.com,https://www.visitlongbeach.com/food-drink/restaurants/?page=3&,info@longbeachcvb.org,info@visitlb.com,+11926846559,long beach california restaurants
www.visitlongbeach.com,https://www.visitlongbeach.com/things-to-do/attractions/,info@longbeachcvb.org,info@visitlb.com,+11232095397,long beach california restaurants
www.visitlongbeach.com,https://www.visitlongbeach.com/food-drink/restaurants/?page=4&,info@longbeachcvb.org,info@visitlb.com,+11202336565,long beach california restaurants
www.visitlongbeach.com,https://www.visitlongbeach.com/meetings/,info@longbeachcvb.org,info@visitlb.com,+13123131313,long beach california restaurants
www.visitlongbeach.com,https://www.visitlongbeach.com/blog/long-beach-restaurants-for-celebrations/,info@longbeachcvb.org,info@visitlb.com,+15629830056,long beach california restaurants
aldersage.com,https://aldersage.com/,,,+15628226314,long beach california restaurants
www.visitlongbeach.com,https://www.visitlongbeach.com/directory/555-east-steakhouse/,555events@kingsseafood.com,info@longbeachcvb.org; info@visitlb.com,+11143856085,long beach california restaurants
www.visitlongbeach.com,https://www.visitlongbeach.com/things-to-do/,info@longbeachcvb.org,info@visitlb.com,+11686580623,long beach california restaurants
www.visitlongbeach.com,https://www.visitlongbeach.com/about-visit-lb/,info@longbeachcvb.org,info@visitlb.com,+11821083121,long beach california restaurants
www.visitlongbeach.com,https://www.visitlongbeach.com/plan-your-trip/,info@longbeachcvb.org,info@visitlb.com,+18021443772,long beach california restaurants
www.visitlongbeach.com,https://www.visitlongbeach.com/press/,communications@visitlb.com,SamanthaM@visitlb.com; info@longbeachcvb.org; info@visitlb.com; ClaireA@visitlb.com,+11172440516,long beach california restaurants
www.visitlongbeach.com,https://www.visitlongbeach.com/blog/cuisine-scene-juice-bars/,info@longbeachcvb.org,info@visitlb.com,+11686580623,long beach california restaurants
www.visitcalifornia.com,https://www.visitcalifornia.com/,Web@VisitCalifornia.com,molly.fitch@meredith.com,+11752613861,long beach california restaurants
www.aikanpayce.com,https://www.aikanpayce.com,user@domain.com,,+11749770848,long beach california restaurants
www.visitlongbeach.com,https://www.visitlongbeach.com/things-to-do/catalina-island/,info@longbeachcvb.org,info@visitlb.com,+11686580623,long beach california restaurants
www.visitlongbeach.com,https://www.visitlongbeach.com/food-drink/coffee-shops/,info@longbeachcvb.org,info@visitlb.com,+19146021059,long beach california restaurants
maps.google.com,http://maps.google.com/?q=3850%20Worsham%20Ave%20%23410%0ALong%20Beach%2C%20California%2090808%0A,,,+19285633284,long beach california restaurants
www.visitlongbeach.com,https://www.visitlongbeach.com/plan-your-trip/maps/,info@longbeachcvb.org,info@visitlb.com,+11242362153,long beach california restaurants
maps.google.com,http://maps.google.com/?q=115%20Pine%20Avenue%0ALong%20Beach%2C%20California%2090802%0A,,,+11181925955,long beach california restaurants
www.visitlongbeach.com,https://www.visitlongbeach.com/things-to-do/arts-culture/,info@longbeachcvb.org,info@visitlb.com,+11128510564,long beach california restaurants
www.visitlongbeach.com,https://www.visitlongbeach.com/blog/indulgent-foodies-guide-weekend-in-long-beach/,info@longbeachcvb.org,info@visitlb.com,+11180485872,long beach california restaurants
www.visitlongbeach.com,https://www.visitlongbeach.com/contact-us/,info@longbeachcvb.org,info@visitlb.com,+11943954666,long beach california restaurants
maps.google.com,http://maps.google.com/?q=555%20East%20Ocean%20Boulevard%0ALong%20Beach%2C%20California%2090802%0A,,,+19828033921,long beach california restaurants
www.visitlongbeach.com,https://www.visitlongbeach.com/things-to-do/health-wellness/,info@longbeachcvb.org,info@visitlb.com,+11109617369,long beach california restaurants
www.aulddubliner.com,http://www.aulddubliner.com,david@aulddubliner.com,,+11742220291,long beach california restaurants
www.visitlongbeach.com,https://www.visitlongbeach.com/things-to-do/shopping/,info@longbeachcvb.org,info@visitlb.com,+11686580623,long beach california restaurants
www.visitlongbeach.com,https://www.visitlongbeach.com/things-to-do/sports-recreation/,info@longbeachcvb.org,info@visitlb.com,+11181890229,long beach california restaurants
www.visitlongbeach.com,https://www.visitlongbeach.com/meetings/contact-us/,info@longbeachcvb.org,info@visitlb.com,+11483515215,long beach california restaurants
maps.google.com,http://maps.google.com/?q=4201%20E%20Willow%20St%0ALong%20Beach%2C%20California%2090815%0A,,,+19182916613,long beach california restaurants
www.visitlongbeach.com,https://www.visitlongbeach.com/about-long-beach/,info@longbeachcvb.org,info@visitlb.com,+11842128371,long beach california restaurants
www.visitlongbeach.com,https://www.visitlongbeach.com/blog/long-beach-walls/,info@longbeachcvb.org,info@visitlb.com,+11686580623,long beach california restaurants
maps.google.com,http://maps.google.com/?q=200%20Pine%20Ave.%2C%20Ste%20A%0ALong%20Beach%2C%20California%2090802%0A,,,+17657704255,long beach california restaurants
www.visitlongbeach.com,https://www.visitlongbeach.com/privacy-policy/,info@longbeachcvb.org,info@visitlb.com,+15624355653,long beach california restaurants
www.visitlongbeach.com,https://www.visitlongbeach.com/blog/summer-fun-in-catalina/,info@longbeachcvb.org,info@visitlb.com,+11686580623,long beach california restaurants
www.visitlongbeach.com,https://www.visitlongbeach.com/meetings/meeting-facilities/,info@longbeachcvb.org,info@visitlb.com,+11206252688,long beach california restaurants
maps.google.com,http://maps.google.com/?q=6480%20E.%20Pacific%20Coast%20Hwy%2C%20Suite%20160%0ALong%20Beach%2C%20California%2090803%0A,,,+17103990855,long beach california restaurants
www.visitlongbeach.com,https://www.visitlongbeach.com/blog/affordable-summer-fun-in-long-beach/,info@longbeachcvb.org,info@visitlb.com,+11686580623,long beach california restaurants
www.visitlongbeach.com,https://www.visitlongbeach.com/blog/dog-friendly-restaurants-in-long-beach/,info@longbeachcvb.org,info@visitlb.com,+11686580623,long beach california restaurants
www.visitlongbeach.com,https://www.visitlongbeach.com/blog/,info@longbeachcvb.org,info@visitlb.com,+11794103247,long beach california restaurants
www.visitlongbeach.com,https://www.visitlongbeach.com/members/,paulaa@visitlb.com,jefff@longbeachcvb.org; info@longbeachcvb.org; info@visitlb.com,+11838213847,long beach california restaurants
www.visitlongbeach.com,https://www.visitlongbeach.com/travel-professionals/,info@longbeachcvb.org,info@visitlb.com,+11181890229,long beach california restaurants
www.visitlongbeach.com,https://www.visitlongbeach.com/directory/alder-sage/,info@longbeachcvb.org,info@visitlb.com; HELLO@ALDERSAGE.COM,+12069094217,long beach california restaurants
www.visitlongbeach.com,https://www.visitlongbeach.com/things-to-do/family-fun/,info@longbeachcvb.org,info@visitlb.com,+12090703814,long beach california restaurants
www.visitlongbeach.com,https://www.visitlongbeach.com/blog/comedy-shows/,info@longbeachcvb.org,info@visitlb.com,+11686580623,long beach california restaurants
www.visitlongbeach.com,https://www.visitlongbeach.com/meetings/request-for-proposal/,josephj@longbeachcvb.org,email@domain.com; info@longbeachcvb.org; info@visitlb.com,+11171151272,long beach california restaurants
maps.google.com,http://maps.google.com/?q=3441%20East%20Broadway%0ALong%20Beach%2C%20California%2090803%0A,,,+12080122903,long beach california restaurants
maps.google.com,http://maps.google.com/?q=366%20Cherry%20Ave%0ALong%20Beach%2C%20California%20%0A,,,+19182916613,long beach california restaurants
www.visitlongbeach.com,https://www.visitlongbeach.com/blog/upcoming-kid-friendly-shows-at-the-long-beach-convention-center/,info@longbeachcvb.org,info@visitlb.com,+11686580623,long beach california restaurants
www.latimes.com,https://www.latimes.com/sports/olympics/list/2028-los-angeles-olympics-paralympics-official-venues,studiosdevelopment@latimes.com,thucnhi.nguyen@latimes.com; myra.marayag@latimes.com; rebecca.castillo@latimes.com; LATeducationalsubs@latimes.com; LATimes@wrightsmedia.com; CommsDept@latimes.com; monika.khare@latimes.com,+10579668829,long beach california restaurants
www.agavesbar.com,http://www.agavesbar.com,,,+15624768287,long beach california restaurants
www.visitlongbeach.com,https://www.visitlongbeach.com/plan-your-trip/getting-here/,info@longbeachcvb.org,info@visitlb.com,+11817672419,long beach california restaurants
www.visitlongbeach.com,https://www.visitlongbeach.com/directory/alegria-cocina-latina/,events@alegriarestaurants.com,info@longbeachcvb.org; info@visitlb.com,+11419948695,long beach california restaurants
www.visitlongbeach.com,https://www.visitlongbeach.com/blog/michelin-guide-top-yelp-eats-in-long-beach/,info@longbeachcvb.org,info@visitlb.com,+11686580623,long beach california restaurants
www.visitlongbeach.com,https://www.visitlongbeach.com/plan-your-trip/visitors-center/,info@longbeachcvb.org,info@visitlb.com,+11198899971,long beach california restaurants
altarsocietybrewco.com,https://altarsocietybrewco.com,info@altarbrands.com,events@altarbrands.com,+14763421277,long beach california restaurants
userway.org,https://userway.org,desk@support.userway.org,,+11525518743,long beach california restaurants
www.visitlongbeach.com,https://www.visitlongbeach.com/blog/romantic-date-night/,info@longbeachcvb.org,info@visitlb.com,+11686580623,long beach california restaurants
www.visitlongbeach.com,https://www.visitlongbeach.com/things-to-do/whale-watching/,info@longbeachcvb.org,info@visitlb.com,+11686580623,long beach california restaurants
www.visitlongbeach.com,https://www.visitlongbeach.com/blog/beach-cafes/,info@longbeachcvb.org,info@visitlb.com,+11686580623,long beach california restaurants
www.visitlongbeach.com,https://www.visitlongbeach.com/,info@longbeachcvb.org,info@visitlb.com,+11686580623,long beach california restaurants
www.visitlongbeach.com,https://www.visitlongbeach.com/directory/ammatoli-mediterranean-bites/,info@longbeachcvb.org,info@visitlb.com; info@ammatoli.com,+11152121540,long beach california restaurants
www.visitlongbeach.com,https://www.visitlongbeach.com/neighborhoods/,info@longbeachcvb.org,info@visitlb.com,+11269618879,long beach california restaurants
www.visitlongbeach.com,https://www.visitlongbeach.com/meetings/the-cool-factor/,info@longbeachcvb.org,info@visitlb.com,+11147026467,long beach california restaurants
www.visitlongbeach.com,https://www.visitlongbeach.com/meetings/service-providers/,info@longbeachcvb.org,info@visitlb.com,+11139988355,long beach california restaurants
www.visitlongbeach.com,https://www.visitlongbeach.com/meetings/convention-services-pages/,services@longbeachcvb.org,info@longbeachcvb.org; info@visitlb.com,+11182458531,long beach california restaurants
www.visitlongbeach.com,https://www.visitlongbeach.com/plan-your-trip/transportation/,info@longbeachcvb.org,info@visitlb.com,+12023436410,long beach california restaurants
2ndandpch.com,https://2ndandpch.com,Artboard-1@3x-1024x419.png,Artboard-1@3x-768x315.png; Artboard-1@3x-300x123.png; Artboard-1@3x.png; Artboard-1@3x-1536x629.png; Artboard-1@3x-2048x839.png,+11752530923,long beach california restaurants
www.visitlongbeach.com,https://www.visitlongbeach.com/food-drink/,info@longbeachcvb.org,info@visitlb.com,+11145988585,long beach california restaurants
maps.google.com,http://maps.google.com/?q=230%20Pine%20Ave%0ALong%20Beach%2C%20California%2090802%0A,,,+17657704255,long beach california restaurants
maps.google.com,http://maps.google.com/?q=285%20East%20Third%20Street%0ALong%20Beach%2C%20California%2090802%0A,,,+12262064829,long beach california restaurants
www.visitlongbeach.com,https://www.visitlongbeach.com/directory/altar-society-brewing-co/,JON@ALTARBRANDS.COM,info@longbeachcvb.org; info@visitlb.com,+11277516937,long beach california restaurants
maps.google.com,http://maps.google.com/?q=306%20Elm%20Ave.%0ALong%20Beach%2C%20California%2090802%0A,,,+17657704255,long beach california restaurants
www.Alegriacocinalatina.com,http://www.Alegriacocinalatina.com,,,+17665397478,long beach california restaurants
www.visitlongbeach.com,https://www.visitlongbeach.com/blog/cuisine-scene-ice-cream/,info@longbeachcvb.org,info@visitlb.com,+13055752560,long beach california restaurants
www.youtube.com,https://www.youtube.com/user/VisitLongBeachCA/videos/,,,+16160505269,long beach california restaurants
www.visitlongbeach.com,https://www.visitlongbeach.com/blog/cuisine-scene-matcha/,info@longbeachcvb.org,info@visitlb.com,+11686580623,long beach california restaurants
www.visitlongbeach.com,https://www.visitlongbeach.com/food-drink/restaurants/?page=6&,info@longbeachcvb.org,info@visitlb.com,+11182110194,long beach california restaurants
www.visitlongbeach.com,https://www.visitlongbeach.com/blog/best-restaurants-for-dinner-in-belmont-shore/,info@longbeachcvb.org,info@visitlb.com,+11686580623,long beach california restaurants
www.visitlongbeach.com,https://www.visitlongbeach.com/blog/unexpected-art-in-long-beach/,info@longbeachcvb.org,info@visitlb.com,+11686580623,long beach california restaurants
www.visitlongbeach.com,https://www.visitlongbeach.com/directory/the-auld-dubliner-irish-pub/,david@aulddubliner.com,info@longbeachcvb.org; info@visitlb.com,+11117626306,long beach california restaurants
www.visitlongbeach.com,https://www.visitlongbeach.com/food-drink/restaurants/?page=2&,info@longbeachcvb.org,info@visitlb.com,+15629830056,long beach california restaurants
www.longbeachcc.com,https://www.longbeachcc.com/,info@longbeachcc.com,HR@longbeachcc.com,+11101284720,long beach california restaurants
www.visitlongbeach.com,https://www.visitlongbeach.com/directory/the-908-restaurant/,todd@the908restaurant.com,info@longbeachcvb.org; info@visitlb.com,+11104198954,long beach california restaurants
www.visitlongbeach.com,https://www.visitlongbeach.com/food-drink/nightlife/,info@longbeachcvb.org,info@visitlb.com,+11181934178,long beach california restaurants
www.visitlongbeach.com,https://www.visitlongbeach.com/hotels/,info@longbeachcvb.org,info@visitlb.com,+11181494816,long beach california restaurants
www.visitlongbeach.com,https://www.visitlongbeach.com/food-drink/restaurants/?page=5&,info@longbeachcvb.org,info@visitlb.com,+16117393032,long beach california restaurants
www.visitlongbeach.com,https://www.visitlongbeach.com/events/annual-events/,info@longbeachcvb.org,info@visitlb.com,+11202972317,long beach california restaurants
www.visitlongbeach.com,https://www.visitlongbeach.com/blog/long-beach-restaurants-with-live-music/,info@longbeachcvb.org,info@visitlb.com,+15625220101,long beach california restaurants
www.visitlongbeach.com,https://www.visitlongbeach.com/food-drink/restaurants/,info@longbeachcvb.org,info@visitlb.com,+11181305819,long beach california restaurants
www.visitlongbeach.com,https://www.visitlongbeach.com/blog/5-rooftops-patios-for-dining-and-drinks/,info@longbeachcvb.org,info@visitlb.com,+15629830056,long beach california restaurants
www.visitlongbeach.com,https://www.visitlongbeach.com/plan-your-trip/cruise-terminal-information/,info@longbeachcvb.org,info@visitlb.com,+15629830056,long beach california restaurants
www.visitlongbeach.com,https://www.visitlongbeach.com/food-drink/restaurants/?page=10&,info@longbeachcvb.org,info@visitlb.com,+11419771315,long beach california restaurants
www.the908restaurant.com,http://www.the908restaurant.com,,,+15624205331,long beach california restaurants
www.visitlongbeach.com,https://www.visitlongbeach.com/events/this-weekend-in-long-beach-events-things-to-do/,info@longbeachcvb.org,info@visitlb.com,+19193960599,long beach california restaurants
www.visitlongbeach.com,https://www.visitlongbeach.com/food-drink/breweries/,info@longbeachcvb.org,info@visitlb.com,+11212561557,long beach california restaurants
www.visitlongbeach.com,https://www.visitlongbeach.com/directory/arize-bistro/,arizebistro@gmail.com,info@longbeachcvb.org; info@visitlb.com,+11214174906,long beach california restaurants
www.visitlongbeach.com,https://www.visitlongbeach.com/meetings/about-meet-lb/,info@longbeachcvb.org,info@visitlb.com,+11701124906,long beach california restaurants
www.visitlongbeach.com,https://www.visitlongbeach.com/weddings/,info@visitlb.com,info@longbeachcvb.org; brookes@visitlb.com,+11686580623,long beach california restaurants
www.visitlongbeach.com,https://www.visitlongbeach.com/directory/2nd-pch-shopping-center-food-drink/,info@longbeachcvb.org,info@visitlb.com,+11159416007,long beach california restaurants
www.visitlongbeach.com,https://www.visitlongbeach.com/directory/agaves-kitchen-tequila/,Miguel@agavesbar.com,info@longbeachcvb.org; info@visitlb.com,+11297292884,long beach california restaurants
www.visitlongbeach.com,https://www.visitlongbeach.com/events/,info@longbeachcvb.org,info@visitlb.com,+11322646024,long beach california restaurants
www.555east.com,http://www.555east.com,tlapresle@watergrill.com,brivera@555east.com; jmontorio@kingsseafood.com; andrewsmith@kingsseafood.com; mgifford@555east.com; mgifford@kingsseafood.com; contactus@555east.com,+11181857774,long beach california restaurants
www.visitlongbeach.com,https://www.visitlongbeach.com/plan-your-trip/airport/,district7@longbeach.gov,cityattorney@longbeach.gov; prosecutor@longbeach.gov; lgbarpt@longbeach.gov; district9@longbeach.gov; district6@longbeach.gov; district4@longbeach.gov; cityclerk@longbeach.gov; district2@longbeach.gov; citymanager@longbeach.gov; auditor@longbeach.gov; district1@longbeach.gov; district5@longbeach.gov; mayor@longbeach.gov; district3@longbeach.gov; district8@longbeach.gov; info@longbeachcvb.org; info@visitlb.com,+11686580623,long beach california restaurants
www.ammatoli.com,https://www.ammatoli.com,info@ammatoli.com,,+14209983348,long beach california restaurants
www.arizebistro.com,http://www.arizebistro.com,impallari@gmail.com,info@ndiscovered.com; hello@rfuenzalida.com,+13333333333,long beach california restaurants
www.visitlongbeach.com,https://www.visitlongbeach.com/directory/the-attic-restaurant-on-broadway/,info@theatticonbroadway.com,info@longbeachcvb.org; info@visitlb.com,+11174204711,long beach california restaurants
www.theatticonbroadway.com,http://www.theatticonbroadway.com,info@theatticonbroadway.com,,+18782025060,long beach california restaurants
www.visitlongbeach.com,https://www.visitlongbeach.com/things-to-do/day-trips-nearby/,info@longbeachcvb.org,info@visitlb.com,+11686580623,long beach california restaurants
www.viamichelin.com,https://www.viamichelin.com/,,,+19999999999,long beach california restaurants
guide.michelin.com,https://guide.michelin.com/us/en/booking-partnership-between-the-michelin-guide-and-resy,,,+18550386882,long beach california restaurants
www.michelinman.com,https://www.michelinman.com/US/en/tires.html,sylvain.bougnoux_ext@michelin.com,,+13528707868,long beach california restaurants
guide.michelin.com,https://guide.michelin.com/us/en/booking-partnership-between-the-michelin-guide-and-open-table,,,+18550386882,long beach california restaurants
intercom.help,https://intercom.help/michelin-guide-contact-us/en/,,,+11236563676,long beach california restaurants
guide.michelin.com,https://guide.michelin.com/us/en/travel-guides,,,+18550386882,long beach california restaurants
www.tiktok.com,https://www.tiktok.com/@michelinguide,example@example.com,,+11650691798,long beach california restaurants
intercom.help,https://intercom.help/michelin-guide-contact-us/en/articles/7232822-how-do-i-give-feedback-or-suggest-an-establishment,,,+14649182164,long beach california restaurants
www.michelin.com,https://www.michelin.com/en/,manon-melissa.sammartano@michelin.com,pascale.audibert@michelin.com; compte-fonction.accueil-michelin-competition@michelin.com; lauriane.villate@michelin.com; privacy.fr@michelin.com; paul-alexis.bouquet@michelin.com; investor-relations@michelin.com; solenne.attias-lemercier@michelin.com; nathalie.hedin@michelin.com; groupe-michelin.service-de-presse@michelin.com; jeanne.brieu@michelin.com; nargess.chankara@michelin.com; herve.erschler@michelin.com; a11y@michelin.com; compte-fonction.heritage@michelin.com; alessandro.barlozzi@michelin.com; florence.marchand@michelin.com; john@doe.com; actionnaires-individuels@michelin.com; stephanie.falies@michelin.com,+19614267903,long beach california restaurants
www.youtube.com,https://www.youtube.com/user/MichelinRestaurants,,,+13888000000,long beach california restaurants
michelinguide.app.link,https://michelinguide.app.link/S5F47i2xsnb,,,+18550386882,long beach california restaurants
www.visitcalifornia.com,https://www.visitcalifornia.com/experience/dining-long-beach/,,,+11617828762,long beach california restaurants
www.pinterest.com,https://www.pinterest.com/tastingtable,,,+14187224393,long beach california restaurants
flipboard.com,https://flipboard.com/@TastingTable,taylorlorenz@mastodon.social,soren.iverson@threads.net; vincedmonroy@threads.net; reporterzoe@threads.net; aaron.rupar@threads.net; whatfranwore@gmail.com; heidilifeldman@mastodon.social; thecontinent@mas.to; 90ed891e95d44b5a80d15eba76cee239@sentry.flipboard.com; tomwarrenuk@threads.net; salrodriguez@threads.net; chris@threads.net; georgetakei@universeodon.com; dlee1285@bloomberg.net; briankrebs@infosec.exchange; mrjoncryer@threads.net; davidfrenchjag@threads.net; salesforce@threads.net; w7voa@journa.host; thedarktangent@defcon.social; moskov@threads.net; radiofreetom@threads.net; jkottke@saturation.social; renewable_energy_club@threads.net; petershankman@threads.net; personality_of_colt@threads.net; parkermolloy@threads.net; walkerbragman@threads.net; anildash@threads.net; johnonolan@threads.net; parismarx@threads.net; fluent.in.finance@threads.net; chrisgeidner@journa.host; daveleebbg@threads.net; exhaustedfemalefounder@threads.net; vivllainous@threads.net; joannebfreeman@threads.net; profgalloway@threads.net; lanceulanoff@threads.net; visitsandiego@threads.net; thewalkingdead@threads.net; janefriedman@threads.net; tastingtable@flipboard.com; kalihays1@threads.net; msftnews@threads.net; kathhayhoe@fediscience.org; davidho@mastodon.world; alxwinter@threads.net; swifties4hope@threads.net; barackobama@threads.net; evan@cosocial.ca; timkmak@journa.host; joyannreid@threads.net; rbreich@masto.ai; mcuban@threads.net; pjvogt@threads.net; timfullerton@threads.net; mgsiegler@threads.net; paulscheer@threads.net; whatfranwore@threads.net; niallfirth@threads.net; publisher_support@flipboard.com; josephinelee@texasobserver.social; oliviaoftroye@threads.net; britishantarcticsurvey@threads.net; viticci@mastodon.macstories.net; davechensky@threads.net; gbrockell@threads.net; rkrelentless@threads.net; pbump@journa.host; calm@threads.net; a@anildash.com; artdeco.joe@threads.net; reidhoffman@threads.net; mathewi@threads.net; drewharwell@mastodon.social; mollyjongfast@threads.net; parismarx@mastodon.online; hubermanlab@threads.net; ami.l.berger@threads.net; pkafka@threads.net; stshank@mstdn.social; advertising@flipboard.com; ricmac@mastodon.social; sarahp@techcrunch.com; HelenBranswell@scicomm.xyz; labmuffinbeautyscience@threads.net; sselbe@threads.net; sarahp@mastodon.xyz; geographybygeoff@threads.net; christomlinsonwriter@threads.net; crumbler@threads.net; mkbhd@threads.net; alyssam_infosec@infosec.exchange; molly0xfff@hachyderm.io; julia__angwin@threads.net; keithedwards@threads.net; hacks4pancakes@infosec.exchange; imdavidpierce@threads.net; marklevinenyc@threads.net; thebadastronomer@threads.net; coveringclimate@threads.net; gostargazing@threads.net; lisamelton@mastodon.social; docpop@threads.net; joanwestenberg@threads.net; globalecoguy@threads.net; oliver.darcy@cnn.com; Gargron@mastodon.social; aswinn@threads.net; mia@theverge.com; JosephMenn@infosec.exchange; greg_jenner@threads.net; mosseri@www.threads.net; alexheath@threads.net; annaleen@wandering.shop; ianbremmer@threads.net; Joseph.Menn@washpost.com; Sarahp@mastodon.social; scottbeale@threads.net; theleftistlawyer@threads.net; TatianaIlyina@mas.to; sorayamcdonald@threads.net; skrishna@wandering.shop; linguisticdiscovery@threads.net; manton@threads.net; willoremus@threads.net; agreenberg@infosec.exchange; the_downballot@threads.net; blogs@about.flipboard.com; noelreports@mstdn.social; oliverdarcy@threads.net; miasato.2@threads.net; agreenberg@wired.com; thecultureofme@threads.net; ethanzuckerman@threads.net; davmicrot@threads.net; benjaminwittes@threads.net; micahflee@infosec.exchange; tchambers@indieweb.social; potus@threads.net; kathhayhoe@climatejustice.rocks; film_girl@mastodon.social; brianbilston@mastodon.online; zackwhittaker@mastodon.social; jdickerson@threads.net; jerilryan@threads.net; clarajeffery@threads.net; mac_ryan_@threads.net; mmasnick@mastodon.social; jillsmokler@threads.net; stephenreports@threads.net; anneapplebaum@journa.host; hankgreen@threads.net; thespacemechanic@threads.net; _elena@mastodon.social; mazzystar@threads.net; quillmatiq@threads.net; whitehouse46archive@threads.net; hello@soreniverson.com; rbr.music@threads.net; katieharbath@threads.net; jonhenshaw@threads.net; technicallymims@threads.net; dudes4harris@threads.net; ben@werd.social; the_coach_life@threads.net; brianstelter@threads.net; gaberivera@threads.net; joshrubin@threads.net; zuck@threads.net; mattnavarra@threads.net; kylie.robison@threads.net; amandalitm@threads.net; thekenyeung@mastodon.social; nzack.whittaker@techcrunch.com; notionhq@threads.net; kalihnews@proton.me; realjuddlegum@threads.net; karaswisher@threads.net; beyondmeat@threads.net; security@flipboard.com; pomarede@mastodon.social; kateaconger@threads.net; brian.fung@cnn.com; gtconway3@threads.net; anderspuck@krigskunst.social; ninasimone@threads.net; privacy@flipboard.com; b_fung@masto.ai; adamparkhomenko@threads.net; grand_canyon_conservancy@threads.net; copyright@flipboard.com; david@theverge.com; mike_isaac@threads.net; percepticon@ioc.exchange; alex@cybervillains.com; feliciaday@threads.net; support@flipboard.com; timoni@threads.net; johngreenwritesbooks@threads.net; edmundlee@threads.net; lisatozzi@threads.net; theericajoy@threads.net; davidimel@threads.net; jeffjarvis@mastodon.social; mohu@threads.net; noahshachtman@threads.net; thekristenjohnston@threads.net; jkottke@threads.net; reckless1280@threads.net; passantino@threads.net; harrymccracken@mastodon.social,+11784140033,long beach california restaurants
news.google.com,https://news.google.com/publications/CAAqLAgKIiZDQklTRmdnTWFoSUtFSFJoYzNScGJtZDBZV0pzWlM1amIyMG9BQVAB,,,+17481400634,long beach california restaurants
www.tastingtable.com,https://www.tastingtable.com/937901/what-makes-roman-style-pizza-unique/,staff@tastingtable.com,,+10083529669,long beach california restaurants
www.static.com,https://www.static.com/terms,,,+11748470836,long beach california restaurants
www.tastingtable.com,https://www.tastingtable.com/929918/mustard-crusted-rack-of-lamb-recipe/,staff@tastingtable.com,,+10083529669,long beach california restaurants
www.tastingtable.com,https://www.tastingtable.com/694438/what-is-soju-how-to-drink/,staff@tastingtable.com,,+10083529669,long beach california restaurants
www.tastingtable.com,https://www.tastingtable.com/1168446/the-best-korean-bbq-spots-in-la/,staff@tastingtable.com,,+10083529669,long beach california restaurants
www.static.com,https://www.static.com/tastingtable-privacy-policy,info@static.com,aaron@incitecreativeinc.com; privacy@static.com; privacy@comscore.com; DSR@comscore.com,+11752608629,long beach california restaurants
www.static.com,https://www.static.com/,,,+11482437865,long beach california restaurants
static.com,https://static.com/advertise,,,+10039665900,long beach california restaurants
www.tastingtable.com,https://www.tastingtable.com/694195/garden-restaurants-farm-table/,staff@tastingtable.com,,+18506064350,long beach california restaurants
www.tastingtable.com,https://www.tastingtable.com/1148804/best-new-restaurants-in-la/,staff@tastingtable.com,,+11064055089,long beach california restaurants
www.selvalbc.com,https://www.selvalbc.com/,,,+15579322638,long beach california restaurants
parkerslighthouse.com,https://parkerslighthouse.com/,ser_005_map@2x-1-1024x285.jpg,ser_005_map@2x-1-300x83.jpg; ser_005_map@2x-1-768x213.jpg; ser_001_aboutselect@2x.jpg; ser_005_map@2x-1.jpg; ser_001_aboutselect@2x-217x300.jpg,+12212031009,long beach california restaurants
localemagazine.com,https://localemagazine.com/regions/,,,+11849663922,long beach california restaurants
localemagazine.com,https://localemagazine.com/bare-it-all-here-are-the-best-nude-resorts-and-pools-in-california/,,,+11849663922,long beach california restaurants
localemagazine.com,https://localemagazine.com/author/allielebos/,,,+11849663922,long beach california restaurants
localemagazine.com,https://localemagazine.com/ads/rectangle-banner-constellation-brands-pacifico/,,,+11496794696,long beach california restaurants
localemagazine.com,https://localemagazine.com/best-valentines-day-dates-in-long-beach/,,,+11849663922,long beach california restaurants
localemagazine.com,https://localemagazine.com/best-restaurants-near-me/what-to-eat-drink-in-san-diego/,,,+11849663922,long beach california restaurants
localemagazine.com,https://localemagazine.com/san-diego/,,,+11849663922,long beach california restaurants
localemagazine.com,https://localemagazine.com/greater-palm-springs-restaurants-summer-eats-pass/,,,+11849663922,long beach california restaurants
localemagazine.com,https://localemagazine.com/seafood-enchilada-recipe-and-cadillac-margarita/,,,+11849663922,long beach california restaurants
localemagazine.com,https://localemagazine.com/best-san-diego-rooftops/,,,+11849663922,long beach california restaurants
localemagazine.com,https://localemagazine.com/ads/gps-monthly-in-story-ad-custom-story-renaissance-esmeralda/,,,+18005428680,long beach california restaurants
localemagazine.com,https://localemagazine.com/best-brunch-west-hollywood/,,,+11849663922,long beach california restaurants
localemagazine.com,https://localemagazine.com/tag/cannabis/,,,+11849663922,long beach california restaurants
localemagazine.com,https://localemagazine.com/tag/spa/,,,+11849663922,long beach california restaurants
localemagazine.com,https://localemagazine.com/arizona/,,,+11849663922,long beach california restaurants
localemagazine.com,https://localemagazine.com/ads/monthly-in-story-ad-custom-story-visit-long-beach/,,,+11849663922,long beach california restaurants
localemagazine.com,https://localemagazine.com/best-michelin-star-restaurants-in-la/,tsbphoto@aol.com,,+11849663922,long beach california restaurants
localemagazine.com,https://localemagazine.com/best-restaurants-near-me/what-to-eat-drink-in-palm-springs/,,,+11849663922,long beach california restaurants
tiktok.com,https://tiktok.com/@localemag,example@example.com,,+11650691798,long beach california restaurants
localemagazine.com,https://localemagazine.com/tag/camping/,,,+11849663922,long beach california restaurants
localemagazine.com,https://localemagazine.com/style-in-southern-california/style-in-san-diego-style-in-southern-california/,,,+11849663922,long beach california restaurants
localemagazine.com,https://localemagazine.com/unique-dining-los-angeles/,tsbphoto@aol.com,,+11849663922,long beach california restaurants
localemagazine.com,https://localemagazine.com/best-happy-hours-in-long-beach/,,,+11849663922,long beach california restaurants
localemagazine.com,https://localemagazine.com/privacy-policy/,,,+11849663922,long beach california restaurants
localemagazine.com,https://localemagazine.com/ultimate-travel-guides/su-casa/,,,+11849663922,long beach california restaurants
localemagazine.com,https://localemagazine.com/style-in-southern-california/style-beauty-san-francisco/,,,+11849663922,long beach california restaurants
localemagazine.com,https://localemagazine.com/best-laguna-beach-restaurants/,,,+11849663922,long beach california restaurants
localemagazine.com,https://localemagazine.com/what-to-do-in-southern-california/what-to-do-in-los-angeles/,,,+11849663922,long beach california restaurants
localemagazine.com,https://localemagazine.com/subscribe/,,,+11849663922,long beach california restaurants
localemagazine.com,https://localemagazine.com/style-in-southern-california/style-in-orange-county/,,,+11849663922,long beach california restaurants
localemagazine.com,https://localemagazine.com/ads/grand-wailea-in-story-1/,personalconcierge.maui@waldorfastoria.com,gwgroupleads@waldorfastoria.com; jhmgw-leisuresales@waldorfastoria.com,+18088742422,long beach california restaurants
localemagazine.com,https://localemagazine.com/best-pizza-places-in-orange-county/,,,+11849663922,long beach california restaurants
localemagazine.com,https://localemagazine.com/style-in-southern-california/style-in-palm-springs/,,,+11849663922,long beach california restaurants
localemagazine.com,https://localemagazine.com/international/,,,+11849663922,long beach california restaurants
localemagazine.com,https://localemagazine.com/best-restaurants-near-me/what-to-eat-drink-san-francisco/,,,+11849663922,long beach california restaurants
localemagazine.com,https://localemagazine.com/best-restaurants-near-me/what-to-eat-drink-in-orange-county/,,,+11849663922,long beach california restaurants
localemagazine.com,https://localemagazine.com/ads/seaworld-leaderboard/,,,+15393677590,long beach california restaurants
ellieslbc.com,https://ellieslbc.com/,user@domain.com,hello@ellieslbc.com,+11000005277,long beach california restaurants
localemagazine.com,https://localemagazine.com/author/sharonwilliams/,,,+11849663922,long beach california restaurants
www.cafesevilla.com,https://www.cafesevilla.com/,,,+10531202204,long beach california restaurants
localemagazine.com,https://localemagazine.com/hawaiian-islands/,,,+11849663922,long beach california restaurants
localemagazine.com,https://localemagazine.com/ads/sd-monthly-rotating-rectangle-banner-braemar-partnership-dba-evans-hotels/,,,+18584880551,long beach california restaurants
localemagazine.com,https://localemagazine.com/ads/sd-monthly-in-story-ad-custom-story-braemar-partnership-dba-evans-hotels/,,,+18584880551,long beach california restaurants
localemagazine.com,https://localemagazine.com/orange-county/,,,+11849663922,long beach california restaurants
localemagazine.com,https://localemagazine.com/what-to-do-in-southern-california/,,,+11849663922,long beach california restaurants
localemagazine.com,https://localemagazine.com/2024/06/15/,,,+11849663922,long beach california restaurants
www.selvalbc.com,http://www.selvalbc.com/,,,+15579322638,long beach california restaurants
www.selvalbc.com,https://www.selvalbc.com/,,,+15579322638,long beach california restaurants
localemagazine.com,https://localemagazine.com/style-in-southern-california/health/,,,+11849663922,long beach california restaurants
localemagazine.com,https://localemagazine.com/ads/auto-draft-37/,,,+11849663922,long beach california restaurants
localemagazine.com,https://localemagazine.com/locales-only-podcast/,,,+11849663922,long beach california restaurants
localemagazine.com,https://localemagazine.com/palm-springs/,,,+11849663922,long beach california restaurants
localemagazine.com,https://localemagazine.com/unique-san-diego-dining-experiences/,,,+11849663922,long beach california restaurants
localemagazine.com,https://localemagazine.com/best-restaurants-near-me/what-to-eat-drink-in-los-angeles/,,,+11849663922,long beach california restaurants
localemagazine.com,https://localemagazine.com/ultimate-travel-guides/home-away-los-angeles/,,,+11849663922,long beach california restaurants
localemagazine.com,https://localemagazine.com/regions/domestic/,,,+11849663922,long beach california restaurants
localemagazine.com,https://localemagazine.com/ultimate-travel-guides/home-away-san-francisco/,,,+11849663922,long beach california restaurants
www.tiktok.com,https://www.tiktok.com/@localemag?refer=creator_embed,example@example.com,,+11650691798,long beach california restaurants
www.localemagazine.com,http://www.localemagazine.com/event-submissions/,,,+11849663922,long beach california restaurants
heritagerestaurant.fullbellyfoodgroup.com,https://heritagerestaurant.fullbellyfoodgroup.com/,info@heritagerestaurantlb.com,reservations@heritagerestaurantlb.com,+15623431068,long beach california restaurants
localemagazine.com,https://localemagazine.com/ultimate-travel-guides/escape-southern-california/,,,+11849663922,long beach california restaurants
localemagazine.com,https://localemagazine.com/localendar/,sandiegostore@aliceandolivia.com,,+11849663922,long beach california restaurants
localemagazine.com,https://localemagazine.com/style-in-southern-california/style-in-las-vegas/,,,+11849663922,long beach california restaurants
localemagazine.com,https://localemagazine.com/contributor/,,,+11849663922,long beach california restaurants
localemagazine.com,https://localemagazine.com/what-to-do-in-southern-california/what-to-do-in-san-diego-do/,,,+11849663922,long beach california restaurants
localemagazine.com,https://localemagazine.com/media-kit/,,,+11849663922,long beach california restaurants
localemagazine.com,https://localemagazine.com/tag/itinerary/,,,+11849663922,long beach california restaurants
localemagazine.com,https://localemagazine.com/oceanfront-restaurants-orange-county/,,,+11849663922,long beach california restaurants
localemagazine.com,https://localemagazine.com/ultimate-travel-guides/,,,+11849663922,long beach california restaurants
localemagazine.com,https://localemagazine.com/style-in-southern-california/style-in-los-angeles/,,,+11849663922,long beach california restaurants
localemagazine.com,https://localemagazine.com/ads/seaworld-in-story/,,,+15393677590,long beach california restaurants
www.gauchobeach.com,https://www.gauchobeach.com/,user@domain.com,hello@gauchobeach.com,+11744767076,long beach california restaurants
localemagazine.com,https://localemagazine.com/laguna-beach-staycation/,,,+11849663922,long beach california restaurants
localemagazine.com,https://localemagazine.com/what-to-do-in-southern-california/what-to-do-in-palm-springs/,,,+11849663922,long beach california restaurants
localemagazine.com,https://localemagazine.com/ads/grand-wailea-in-story-2/,personalconcierge.maui@waldorfastoria.com,gwgroupleads@waldorfastoria.com; jhmgw-leisuresales@waldorfastoria.com,+18088742422,long beach california restaurants
www.riverjettyrg.com,https://www.riverjettyrg.com/a-pch/,,,+11752653079,long beach california restaurants
localemagazine.com,https://localemagazine.com/best-rooftops-los-angeles/,,,+11849663922,long beach california restaurants
localemagazine.com,https://localemagazine.com/los-angeles/,,,+11849663922,long beach california restaurants
localemagazine.com,https://localemagazine.com/ads/grand-wailea-rectangle-1/,personalconcierge.maui@waldorfastoria.com,gwgroupleads@waldorfastoria.com; jhmgw-leisuresales@waldorfastoria.com,+18088742422,long beach california restaurants
localemagazine.com,https://localemagazine.com/style-in-southern-california/,,,+11849663922,long beach california restaurants
www.cafesevilla.com,https://www.cafesevilla.com/menu/happy-hour-long-beach/,,,+16192335979,long beach california restaurants
localemagazine.com,https://localemagazine.com/ultimate-travel-guides/home-away-orange-county/,,,+11849663922,long beach california restaurants
localemagazine.com,https://localemagazine.com/ultimate-travel-guides/home-away-san-diego/,,,+11849663922,long beach california restaurants
localemagazine.com,https://localemagazine.com/ultimate-travel-guides/home-away-palm-springs/,,,+11849663922,long beach california restaurants
mangettelb.com,https://mangettelb.com/,,,+11746600439,long beach california restaurants
localemagazine.com,https://localemagazine.com/ads/monthly-rotating-rectangle-ad-visit-long-beach/,,,+11849663922,long beach california restaurants
www.charmsiamrestaurant.com,https://www.charmsiamrestaurant.com/,e081c35a018348d18e09ed427bf39b65@o462166.ingest.sentry.io,,+11094615308,long beach california restaurants
localemagazine.com,https://localemagazine.com/long-beach-summer-events/,,,+11849663922,long beach california restaurants
www.ammatoli.com,https://www.ammatoli.com/,info@ammatoli.com,,+14209983348,long beach california restaurants
www.localemagazine.com,http://www.localemagazine.com,,,+11849663922,long beach california restaurants
www.the908restaurant.com,https://www.the908restaurant.com/,,,+15624205331,long beach california restaurants
www.marlena-longbeach.com,https://www.marlena-longbeach.com/,info@marlena-longbeach.com,,+11664845318,long beach california restaurants
www.chiangrailb.com,https://www.chiangrailb.com/,605a7baede844d278b89dc95ae0a9123@sentry-next.wixpress.com,8eb368c655b84e029ed79ad7a5c1718e@sentry.wixpress.com,+12313170049,long beach california restaurants
localemagazine.com,https://localemagazine.com/about-locale/,,,+11849663922,long beach california restaurants
localemagazine.com,https://localemagazine.com/what-to-do-in-southern-california/what-to-do-in-orange-county/,,,+11849663922,long beach california restaurants
localemagazine.com,https://localemagazine.com/ultimate-travel-guides/home-away-las-vegas/,,,+11849663922,long beach california restaurants
localemagazine.com,https://localemagazine.com/ads/irvine-company-retail-in-story-1/,,,+11849663922,long beach california restaurants
localemagazine.com,https://localemagazine.com/best-restaurants-near-me/what-to-eat-drink-las-vegas/,,,+11849663922,long beach california restaurants
www.the908restaurant.com,https://www.the908restaurant.com,,,+15624205331,long beach california restaurants
localemagazine.com,https://localemagazine.com/tag/outdoor/,,,+11849663922,long beach california restaurants
altarsocietybrewco.com,https://altarsocietybrewco.com/,info@altarbrands.com,events@altarbrands.com,+14763421277,long beach california restaurants
localemagazine.com,https://localemagazine.com/what-to-do-in-southern-california/what-to-do-in-las-vegas/,,,+11849663922,long beach california restaurants
localemagazine.com,https://localemagazine.com/best-restaurants-near-me/,,,+11849663922,long beach california restaurants
localemagazine.com,https://localemagazine.com,,,+11849663922,long beach california restaurants
localemagazine.com,https://localemagazine.com/ads/la-monthly-in-story-ad-custom-story-lawrys/,VIP-BG@2x.png,,+14004013894,long beach california restaurants
localemagazine.com,https://localemagazine.com/tag/dining/,,,+11849663922,long beach california restaurants
localemagazine.com,https://localemagazine.com/what-to-do-in-southern-california/what-to-do-in-san-francisco/,,,+11849663922,long beach california restaurants
localemagazine.com,https://localemagazine.com/ads/seaworld-rectangle/,,,+15393677590,long beach california restaurants
localemagazine.com,https://localemagazine.com/tag/family-friendly/,,,+11849663922,long beach california restaurants
localemagazine.com,https://localemagazine.com/author/allielebos/?mab_v3=145278,,,+11849663922,long beach california restaurants
placeanad.latimes.com,https://placeanad.latimes.com,selfservice@latimes.com,revopps@latimes.com; %20revopps@latimes.com; SelfService@latimes.com; %20latclassifieds@latimes.com; SelfService@caltimes.com; jack.leon@latimes.com; LATclassifieds@latimes.com; customerservices@latimes.com,+11731614481,long beach california restaurants
www.latimes.com,https://www.latimes.com/newsroom-directory,Firstname.Lastname@latimes.com,studiosdevelopment@latimes.com; myra.marayag@latimes.com; careers@latimes.com; monika.khare@latimes.com; rebecca.castillo@latimes.com; LATeducationalsubs@latimes.com; LATimes@wrightsmedia.com; CommsDept@latimes.com; readers.representative@latimes.com,+16963030000,long beach california restaurants
www.latimes.com,https://www.latimes.com/sports/hockey/kings,studiosdevelopment@latimes.com,myra.marayag@latimes.com; rebecca.castillo@latimes.com; LATeducationalsubs@latimes.com; LATimes@wrightsmedia.com; CommsDept@latimes.com; monika.khare@latimes.com,+13389364686,long beach california restaurants
www.latimes.com,https://www.latimes.com/opinion/letters-to-the-editor,studiosdevelopment@latimes.com,myra.marayag@latimes.com; rebecca.castillo@latimes.com; LATeducationalsubs@latimes.com; LATimes@wrightsmedia.com; CommsDept@latimes.com; monika.khare@latimes.com,+10001975593,long beach california restaurants
www.latimes.com,https://www.latimes.com/live-well,studios@latimes.com,studiosdevelopment@latimes.com; myra.marayag@latimes.com; rebecca.castillo@latimes.com; LATeducationalsubs@latimes.com; LATimes@wrightsmedia.com; CommsDept@latimes.com; monika.khare@latimes.com,+10001975593,long beach california restaurants
www.latimes.com,https://www.latimes.com/la-influential,studiosdevelopment@latimes.com,myra.marayag@latimes.com; rebecca.castillo@latimes.com; LATeducationalsubs@latimes.com; LATimes@wrightsmedia.com; CommsDept@latimes.com; monika.khare@latimes.com,+10001975593,long beach california restaurants
www.latimes.com,https://www.latimes.com/brandpublishing/hotproperty,studios@latimes.com,studiosdevelopment@latimes.com; myra.marayag@latimes.com; rebecca.castillo@latimes.com; LATeducationalsubs@latimes.com; LATimes@wrightsmedia.com; CommsDept@latimes.com; monika.khare@latimes.com,+10001975593,long beach california restaurants
www.latimes.com,https://www.latimes.com/delos/list/boyle-heights-guide-things-to-do,guides@latimes.com,andrea.flores@latimes.com; studiosdevelopment@latimes.com; myra.marayag@latimes.com; rebecca.castillo@latimes.com; LATeducationalsubs@latimes.com; LATimes@wrightsmedia.com; CommsDept@latimes.com; monika.khare@latimes.com,+14205934520,long beach california restaurants
maps.apple.com,https://maps.apple.com/?q=33.767646%2C-118.184674,,,+11181900130,long beach california restaurants
www.latimes.com,https://www.latimes.com/topic/home-design,studiosdevelopment@latimes.com,myra.marayag@latimes.com; rebecca.castillo@latimes.com; LATeducationalsubs@latimes.com; LATimes@wrightsmedia.com; CommsDept@latimes.com; monika.khare@latimes.com,+10001975593,long beach california restaurants
www.queseralb.com,http://www.queseralb.com,hello@queseralb.com,,+11717085003,long beach california restaurants
maps.apple.com,https://maps.apple.com/?q=33.77155%2C-118.165254,,,+11181598255,long beach california restaurants
membership.latimes.com,https://membership.latimes.com/subscription-info,privacy@latimes.com,membershipservices@latimes.com; customerservices@latimes.com; digitalsubs@latimes.com,+18410374097,long beach california restaurants
www.latimes.com,https://www.latimes.com/b2b/health-life-science,studios@latimes.com,studiosdevelopment@latimes.com; myra.marayag@latimes.com; rebecca.castillo@latimes.com; LATeducationalsubs@latimes.com; LATimes@wrightsmedia.com; CommsDept@latimes.com; monika.khare@latimes.com,+10001947080,long beach california restaurants
x.com,https://x.com/intent/tweet?url=https%3A%2F%2Fwww.latimes.com%2Ftravel%2Flist%2Flong-beach-california-guide-things-to-do&text=This%20must%20be%20Long%20Beach,,,+11823597788,long beach california restaurants
www.latimes.com,https://www.latimes.com/entertainment-arts/story/2025-07-12/new-hollywood-string-quartet-movie-music-huntingon,studiosdevelopment@latimes.com,myra.marayag@latimes.com; mark.swed@latimes.com; rebecca.castillo@latimes.com; LATeducationalsubs@latimes.com; LATimes@wrightsmedia.com; CommsDept@latimes.com; monika.khare@latimes.com,+10001975593,long beach california restaurants
store.latimes.com,https://store.latimes.com/?utm_source=latimes&utm_medium=homepage&utm_campaign=homepage_subnav,monika.khare@latimes.com,rebecca.castillo@latimes.com; Shop_LAT_logo_copy_2_95x@2x.png,+13814581311,long beach california restaurants
www.latimes.com,https://www.latimes.com/espanol/,LATimes@wrightsmedia.com,CommsDept@latimes.com; studiosdevelopment@latimes.com,+16389360002,long beach california restaurants
www.latimes.com,https://www.latimes.com/business/technology,studiosdevelopment@latimes.com,myra.marayag@latimes.com; rebecca.castillo@latimes.com; LATeducationalsubs@latimes.com; LATimes@wrightsmedia.com; CommsDept@latimes.com; monika.khare@latimes.com,+10001975593,long beach california restaurants
www.latimes.com,https://www.latimes.com/lifestyle/image,studiosdevelopment@latimes.com,myra.marayag@latimes.com; rebecca.castillo@latimes.com; LATeducationalsubs@latimes.com; LATimes@wrightsmedia.com; CommsDept@latimes.com; monika.khare@latimes.com,+10001975593,long beach california restaurants
jobs.latimes.com,https://jobs.latimes.com/,,,+11295978843,long beach california restaurants
www.latimes.com,https://www.latimes.com/about,studios@latimes.com,privacy@latimes.com; studiosdevelopment@latimes.com; customerservices@latimes.com; membershipservices@latimes.com; myra.marayag@latimes.com; firstname.lastname@latimes.com; careers@latimes.com; rebecca.castillo@latimes.com; LATeducationalsubs@latimes.com; LATimes@wrightsmedia.com; CommsDept@latimes.com; monika.khare@latimes.com; digitalsubs@latimes.com,+10001799054,long beach california restaurants
www.latimes.com,https://www.latimes.com/california,studiosdevelopment@latimes.com,myra.marayag@latimes.com; rebecca.castillo@latimes.com; LATeducationalsubs@latimes.com; LATimes@wrightsmedia.com; carlin.stiehl@latimes.com; CommsDept@latimes.com; monika.khare@latimes.com,+16058642838,long beach california restaurants
x.com,https://x.com/latimes,,,+11823597788,long beach california restaurants
www.latimes.com,https://www.latimes.com/sports/soccer/angel-city-fc,studiosdevelopment@latimes.com,myra.marayag@latimes.com; rebecca.castillo@latimes.com; LATeducationalsubs@latimes.com; LATimes@wrightsmedia.com; CommsDept@latimes.com; monika.khare@latimes.com,+10001828818,long beach california restaurants
www.latimes.com,https://www.latimes.com/topic/education,studiosdevelopment@latimes.com,myra.marayag@latimes.com; rebecca.castillo@latimes.com; LATeducationalsubs@latimes.com; LATimes@wrightsmedia.com; CommsDept@latimes.com; monika.khare@latimes.com,+10001975593,long beach california restaurants
thelongbeachexchange.com,http://thelongbeachexchange.com,user@domain.com,info@thelongbeachexchange.com,+11678836742,long beach california restaurants
www.latimes.com,https://www.latimes.com/topic/things-to-do,studiosdevelopment@latimes.com,myra.marayag@latimes.com; rebecca.castillo@latimes.com; LATeducationalsubs@latimes.com; LATimes@wrightsmedia.com; CommsDept@latimes.com; monika.khare@latimes.com,+10001975593,long beach california restaurants
www.reddit.com,https://www.reddit.com/submit?url=https%3A%2F%2Fwww.latimes.com%2Ftravel%2Flist%2Flong-beach-california-guide-things-to-do&title=This%20must%20be%20Long%20Beach,9f057df6115a4bb488c08ea12a835e6e@error-tracking.reddit.com,9f057df6115a4bb488c08ea12a835e6e@o418887.ingest.sentry.io,+11752653279,long beach california restaurants
www.latimes.com,https://www.latimes.com/environment,studiosdevelopment@latimes.com,myra.marayag@latimes.com; rebecca.castillo@latimes.com; LATeducationalsubs@latimes.com; LATimes@wrightsmedia.com; CommsDept@latimes.com; monika.khare@latimes.com,+10445628083,long beach california restaurants
www.latimes.com,https://www.latimes.com/archives/la-xpm-2002-may-31-me-graduate31-story.html,studiosdevelopment@latimes.com,amy.nicholson@latimes.com; josh.rottenberg@latimes.com; myra.marayag@latimes.com; mary.mcnamara@latimes.com; joshua.rothkopf@latimes.com; glenn.whipp@latimes.com; rebecca.castillo@latimes.com; tracy.brown@latimes.com; mark.olsen@latimes.com; LATeducationalsubs@latimes.com; greg.braxton@latimes.com; LATimes@wrightsmedia.com; CommsDept@latimes.com; monika.khare@latimes.com,+10001975593,long beach california restaurants
www.latimes.com,https://www.latimes.com/lifestyle,studiosdevelopment@latimes.com,myra.marayag@latimes.com; rebecca.castillo@latimes.com; LATeducationalsubs@latimes.com; LATimes@wrightsmedia.com; CommsDept@latimes.com; monika.khare@latimes.com,+16614190000,long beach california restaurants
www.latimes.com,https://www.latimes.com/sports/clippers,studiosdevelopment@latimes.com,myra.marayag@latimes.com; rebecca.castillo@latimes.com; LATeducationalsubs@latimes.com; LATimes@wrightsmedia.com; CommsDept@latimes.com; monika.khare@latimes.com,+10001975593,long beach california restaurants
molaa.org,http://molaa.org,collections@molaa.org,frontdeskstaff@molaa.org; user@domain.com; tours@molaa.org; info@molaa.org,+11745435815,long beach california restaurants
membership.latimes.com,https://membership.latimes.com/billing-info,privacy@latimes.com,membershipservices@latimes.com; customerservices@latimes.com; digitalsubs@latimes.com,+18410374097,long beach california restaurants
www.latimes.com,https://www.latimes.com/b2b/commercial-real-estate,studios@latimes.com,studiosdevelopment@latimes.com; myra.marayag@latimes.com; rebecca.castillo@latimes.com; LATeducationalsubs@latimes.com; LATimes@wrightsmedia.com; CommsDept@latimes.com; monika.khare@latimes.com,+10001974601,long beach california restaurants
maps.apple.com,https://maps.apple.com/?q=33.824069%2C-118.185324,,,+15511151231,long beach california restaurants
www.latimes.com,https://www.latimes.com/b2b/ai-technology,studios@latimes.com,studiosdevelopment@latimes.com; myra.marayag@latimes.com; rebecca.castillo@latimes.com; LATeducationalsubs@latimes.com; LATimes@wrightsmedia.com; CommsDept@latimes.com; monika.khare@latimes.com,+10001975593,long beach california restaurants
www.latimes.com,https://www.latimes.com/travel/list/silver-lake-neighborhood-guide-things-to-do,guides@latimes.com,studiosdevelopment@latimes.com; christopher.reynolds@latimes.com; myra.marayag@latimes.com; rebecca.castillo@latimes.com; LATeducationalsubs@latimes.com; LATimes@wrightsmedia.com; CommsDept@latimes.com; monika.khare@latimes.com,+10001975593,long beach california restaurants
www.latimes.com,https://www.latimes.com/entertainment-arts/business,studiosdevelopment@latimes.com,myra.marayag@latimes.com; rebecca.castillo@latimes.com; LATeducationalsubs@latimes.com; LATimes@wrightsmedia.com; CommsDept@latimes.com; monika.khare@latimes.com,+10001980948,long beach california restaurants
www.latimes.com,https://www.latimes.com/sports,studiosdevelopment@latimes.com,myra.marayag@latimes.com; rebecca.castillo@latimes.com; LATeducationalsubs@latimes.com; LATimes@wrightsmedia.com; CommsDept@latimes.com; monika.khare@latimes.com,+10001949473,long beach california restaurants
www.latimes.com,https://www.latimes.com/entertainment-arts/music,studiosdevelopment@latimes.com,myra.marayag@latimes.com; rebecca.castillo@latimes.com; LATeducationalsubs@latimes.com; LATimes@wrightsmedia.com; CommsDept@latimes.com; monika.khare@latimes.com,+10001975593,long beach california restaurants
maps.apple.com,https://maps.apple.com/?q=33.7553838%2C-118.1233954,,,+19505441576,long beach california restaurants
www.latimes.com,https://www.latimes.com/food,essentialcalifornia@latimes.com,studiosdevelopment@latimes.com; myra.marayag@latimes.com; jenn.harris@latimes.com; rebecca.castillo@latimes.com; LATeducationalsubs@latimes.com; LATimes@wrightsmedia.com; CommsDept@latimes.com; monika.khare@latimes.com,+16058642838,long beach california restaurants
www.latimes.com,https://www.latimes.com/travel/list/inglewood-los-angeles-guide-things-to-do,LATimes@wrightsmedia.com,guides@latimes.com; studiosdevelopment@latimes.com; myra.marayag@latimes.com; rebecca.castillo@latimes.com; LATeducationalsubs@latimes.com; danielle.dorsey@latimes.com; CommsDept@latimes.com; monika.khare@latimes.com,+10001833859,long beach california restaurants
www.latimes.com,https://www.latimes.com/sports/sparks,studiosdevelopment@latimes.com,myra.marayag@latimes.com; rebecca.castillo@latimes.com; LATeducationalsubs@latimes.com; LATimes@wrightsmedia.com; CommsDept@latimes.com; monika.khare@latimes.com,+10001975593,long beach california restaurants
www.latimes.com,https://www.latimes.com/topic/jobs-labor,studiosdevelopment@latimes.com,myra.marayag@latimes.com; rebecca.castillo@latimes.com; LATeducationalsubs@latimes.com; LATimes@wrightsmedia.com; CommsDept@latimes.com; monika.khare@latimes.com,+10001975593,long beach california restaurants
maps.apple.com,https://maps.apple.com/?q=33.763484%2C-118.164837,,,+10778558031,long beach california restaurants
www.latimes.com,https://www.latimes.com/sports/lakers,studiosdevelopment@latimes.com,myra.marayag@latimes.com; broderick.turner@latimes.com; rebecca.castillo@latimes.com; LATeducationalsubs@latimes.com; LATimes@wrightsmedia.com; CommsDept@latimes.com; monika.khare@latimes.com,+12224227598,long beach california restaurants
www.latimes.com,https://www.latimes.com/travel/list/koreatown-los-angeles-guide-things-to-do,guides@latimes.com,studiosdevelopment@latimes.com; myra.marayag@latimes.com; rebecca.castillo@latimes.com; LATeducationalsubs@latimes.com; LATimes@wrightsmedia.com; CommsDept@latimes.com; monika.khare@latimes.com,+12134879100,long beach california restaurants
www.latimes.com,https://www.latimes.com/podcasts,studiosdevelopment@latimes.com,myra.marayag@latimes.com; rebecca.castillo@latimes.com; LATeducationalsubs@latimes.com; LATimes@wrightsmedia.com; CommsDept@latimes.com; monika.khare@latimes.com,+10001975593,long beach california restaurants
www.latimes.com,https://www.latimes.com/topic/for-la-times-subscribers,studiosdevelopment@latimes.com,myra.marayag@latimes.com; rebecca.castillo@latimes.com; LATeducationalsubs@latimes.com; LATimes@wrightsmedia.com; CommsDept@latimes.com; monika.khare@latimes.com,+10001975593,long beach california restaurants
www.the-breakfast-bar.com,http://www.the-breakfast-bar.com,info@the-breakfast-bar.com,,+11000500957,long beach california restaurants
www.bambooclublb.com,http://www.bambooclublb.com,user@domain.com,jobs@bambooclublb.com,+15920398009,long beach california restaurants
www.latimes.com,https://www.latimes.com/sports/olympics,studiosdevelopment@latimes.com,myra.marayag@latimes.com; rebecca.castillo@latimes.com; LATeducationalsubs@latimes.com; LATimes@wrightsmedia.com; CommsDept@latimes.com; monika.khare@latimes.com,+10001973159,long beach california restaurants
classifieds.latimes.com,https://classifieds.latimes.com/,stillbill2@twc.com,Infosilveroselabs@gmail.com,+19495108795,long beach california restaurants
www.latimes.com,https://www.latimes.com/terms-of-service,termsofservice@latimes.com,studios@latimes.com; privacy@latimes.com; studiosdevelopment@latimes.com; myra.marayag@latimes.com; monika.khare@latimes.com; rebecca.castillo@latimes.com; LATeducationalsubs@latimes.com; LATimes@wrightsmedia.com; CommsDept@latimes.com; copyrightnotice@latimes.com,+10001799054,long beach california restaurants
membership.latimes.com,https://membership.latimes.com/,privacy@latimes.com,membershipservices@latimes.com; customerservices@latimes.com; digitalsubs@latimes.com,+18410374097,long beach california restaurants
store.latimes.com,https://store.latimes.com/,Shop_LAT_logo_copy_2_95x@2x.png,support+shoplatimes@onelive.com; rebecca.castillo@latimes.com; monika.khare@latimes.com; support%2Bshoplatimes@onelivemedia.com,+13814581311,long beach california restaurants
www.latimes.com,https://www.latimes.com/lifestyle/image/story/2022-09-13/los-intelligentsia,studiosdevelopment@latimes.com,myra.marayag@latimes.com; rebecca.castillo@latimes.com; LATeducationalsubs@latimes.com; LATimes@wrightsmedia.com; CommsDept@latimes.com; monika.khare@latimes.com,+10001975593,long beach california restaurants
www.latimes.com,https://www.latimes.com/homeless-housing,studiosdevelopment@latimes.com,myra.marayag@latimes.com; rebecca.castillo@latimes.com; LATeducationalsubs@latimes.com; LATimes@wrightsmedia.com; CommsDept@latimes.com; monika.khare@latimes.com,+10001978039,long beach california restaurants
www.latimes.com,https://www.latimes.com/eta,studios@latimes.com,studiosdevelopment@latimes.com; myra.marayag@latimes.com; rebecca.castillo@latimes.com; LATeducationalsubs@latimes.com; LATimes@wrightsmedia.com; CommsDept@latimes.com; monika.khare@latimes.com,+10001828818,long beach california restaurants
www.linkedin.com,https://www.linkedin.com/shareArticle?url=https%3A%2F%2Fwww.latimes.com%2Ftravel%2Flist%2Flong-beach-california-guide-things-to-do&title=This%20must%20be%20Long%20Beach&summary=Away%20from%20the%20cruise%20ship%20passengers%20and%20conventioneers%2C%20you%27ll%20find%20people%20passionate%20about%20their%20own%20unique%20corners%20of%20the%20LBC.&source=Los%20Angeles%20Times,,,+15471430005,long beach california restaurants
www.latimes.com,https://www.latimes.com/california/photography,studiosdevelopment@latimes.com,myra.marayag@latimes.com; rebecca.castillo@latimes.com; LATeducationalsubs@latimes.com; LATimes@wrightsmedia.com; CommsDept@latimes.com; monika.khare@latimes.com,+10001975593,long beach california restaurants
maps.apple.com,https://maps.apple.com/?q=33.861595%2C-118.184712,,,+15511151231,long beach california restaurants
www.latimes.com,https://www.latimes.com/topic/wellness,studiosdevelopment@latimes.com,myra.marayag@latimes.com; rebecca.castillo@latimes.com; LATeducationalsubs@latimes.com; LATimes@wrightsmedia.com; CommsDept@latimes.com; monika.khare@latimes.com,+12348612459,long beach california restaurants
www.latimes.com,https://www.latimes.com/topic/arts,studiosdevelopment@latimes.com,myra.marayag@latimes.com; rebecca.castillo@latimes.com; LATeducationalsubs@latimes.com; LATimes@wrightsmedia.com; CommsDept@latimes.com; monika.khare@latimes.com,+10001981247,long beach california restaurants
marketplace.latimes.com,https://marketplace.latimes.com/,,,+12870141946,long beach california restaurants
www.tiktok.com,https://www.tiktok.com/@latimes?lang=en,example@example.com,,+16785522243,long beach california restaurants
www.latimes.com,https://www.latimes.com/entertainment-arts/awards,studiosdevelopment@latimes.com,myra.marayag@latimes.com; rebecca.castillo@latimes.com; LATeducationalsubs@latimes.com; LATimes@wrightsmedia.com; CommsDept@latimes.com; monika.khare@latimes.com,+10001975593,long beach california restaurants
maps.apple.com,https://maps.apple.com/?q=33.7852766%2C-118.119816,,,+15706217934,long beach california restaurants
www.latimes.com,https://www.latimes.com/about/for-the-record/,studios@latimes.com,studiosdevelopment@latimes.com; myra.marayag@latimes.com; readers.representative@latimes.com; rebecca.castillo@latimes.com; LATeducationalsubs@latimes.com; LATimes@wrightsmedia.com; CommsDept@latimes.com; monika.khare@latimes.com,+10001799054,long beach california restaurants
www.latimes.com,https://www.latimes.com/specialsupplements,studios@latimes.com,studiosdevelopment@latimes.com; myra.marayag@latimes.com; rebecca.castillo@latimes.com; LATeducationalsubs@latimes.com; LATimes@wrightsmedia.com; CommsDept@latimes.com; monika.khare@latimes.com,+16541588000,long beach california restaurants
www.lbma.org,http://www.lbma.org,suzanner@lbma.org,ronn@lbma.org; irisq@lbma.org; chloel@lbma.org; karens@lbma.org; lauriew@lbma.org; sarajevav@lbma.org; andriia@lbma.org; aracelim@lbma.org; susiem@lbma.org; paull@lbma.org; dylanl@lbma.org,+15624392119,long beach california restaurants
www.latimes.com,https://www.latimes.com/sports/chargers,studiosdevelopment@latimes.com,myra.marayag@latimes.com; rebecca.castillo@latimes.com; LATeducationalsubs@latimes.com; LATimes@wrightsmedia.com; CommsDept@latimes.com; monika.khare@latimes.com,+10001975593,long beach california restaurants
store.latimes.com,https://store.latimes.com/?utm_source=latimes&utm_medium=homepage&utm_campaign=homepage_nav,monika.khare@latimes.com,rebecca.castillo@latimes.com; Shop_LAT_logo_copy_2_95x@2x.png,+13814581311,long beach california restaurants
www.latimes.com,https://www.latimes.com/about/public-affairs,studiosdevelopment@latimes.com,myra.marayag@latimes.com; rebecca.castillo@latimes.com; LATeducationalsubs@latimes.com; LATimes@wrightsmedia.com; CommsDept@latimes.com; monika.khare@latimes.com,+10001975593,long beach california restaurants
www.latimes.com,https://www.latimes.com/sports/soccer/galaxy,studiosdevelopment@latimes.com,myra.marayag@latimes.com; rebecca.castillo@latimes.com; LATeducationalsubs@latimes.com; LATimes@wrightsmedia.com; CommsDept@latimes.com; monika.khare@latimes.com,+16987120001,long beach california restaurants
maps.apple.com,https://maps.apple.com/?q=33.758891%2C-118.120523,,,+15511151231,long beach california restaurants
jobs.latimes.com,https://jobs.latimes.com,,,+11295978843,long beach california restaurants
www.latimes.com,https://www.latimes.com/privacy-policy,privacy@latimes.com,studios@latimes.com; studiosdevelopment@latimes.com; myra.marayag@latimes.com; rebecca.castillo@latimes.com; LATeducationalsubs@latimes.com; LATimes@wrightsmedia.com; CommsDept@latimes.com; monika.khare@latimes.com,+10001799054,long beach california restaurants
www.latimes.com,https://www.latimes.com/topic/israel-hamas,studiosdevelopment@latimes.com,myra.marayag@latimes.com; rebecca.castillo@latimes.com; LATeducationalsubs@latimes.com; LATimes@wrightsmedia.com; CommsDept@latimes.com; monika.khare@latimes.com,+10001975593,long beach california restaurants
www.latimes.com,https://www.latimes.com/events-los-angeles-times,studiosdevelopment@latimes.com,myra.marayag@latimes.com; rebecca.castillo@latimes.com; LATeducationalsubs@latimes.com; LATimes@wrightsmedia.com; CommsDept@latimes.com; monika.khare@latimes.com,+10001975593,long beach california restaurants
www.latimes.com,https://www.latimes.com/topic/election-2024,studiosdevelopment@latimes.com,myra.marayag@latimes.com; rebecca.castillo@latimes.com; LATeducationalsubs@latimes.com; LATimes@wrightsmedia.com; CommsDept@latimes.com; monika.khare@latimes.com,+10001900305,long beach california restaurants
www.latimes.com,https://www.latimes.com/video,studiosdevelopment@latimes.com,myra.marayag@latimes.com; rebecca.castillo@latimes.com; LATeducationalsubs@latimes.com; LATimes@wrightsmedia.com; CommsDept@latimes.com; monika.khare@latimes.com,+18029414654,long beach california restaurants
www.latimes.com,https://www.latimes.com/topic/earthquakes,studiosdevelopment@latimes.com,myra.marayag@latimes.com; rebecca.castillo@latimes.com; LATeducationalsubs@latimes.com; LATimes@wrightsmedia.com; CommsDept@latimes.com; monika.khare@latimes.com,+10001981247,long beach california restaurants
www.latimes.com,https://www.latimes.com/sports/usc,studiosdevelopment@latimes.com,myra.marayag@latimes.com; rebecca.castillo@latimes.com; LATeducationalsubs@latimes.com; LATimes@wrightsmedia.com; CommsDept@latimes.com; monika.khare@latimes.com,+10001981247,long beach california restaurants
www.latimes.com,https://www.latimes.com/lifestyle/image/story/2022-09-13/trend-analysis,studiosdevelopment@latimes.com,myra.marayag@latimes.com; rebecca.castillo@latimes.com; LATeducationalsubs@latimes.com; LATimes@wrightsmedia.com; CommsDept@latimes.com; monika.khare@latimes.com,+10001981139,long beach california restaurants
membership.latimes.com,https://membership.latimes.com/privacy-settings,privacy@latimes.com,membershipservices@latimes.com; customerservices@latimes.com; digitalsubs@latimes.com,+18410374097,long beach california restaurants
maps.apple.com,https://maps.apple.com/?q=33.818261%2C-118.144006,,,+15511151231,long beach california restaurants
www.latimes.com,https://www.latimes.com/shortdocs,studiosdevelopment@latimes.com,myra.marayag@latimes.com; rebecca.castillo@latimes.com; LATeducationalsubs@latimes.com; LATimes@wrightsmedia.com; CommsDept@latimes.com; monika.khare@latimes.com,+10001807624,long beach california restaurants
www.latimes.com,https://www.latimes.com/topic/immigration,studiosdevelopment@latimes.com,myra.marayag@latimes.com; rebecca.castillo@latimes.com; LATeducationalsubs@latimes.com; LATimes@wrightsmedia.com; CommsDept@latimes.com; monika.khare@latimes.com,+10001975593,long beach california restaurants
www.latimes.com,https://www.latimes.com/topic/op-ed,studiosdevelopment@latimes.com,myra.marayag@latimes.com; rebecca.castillo@latimes.com; LATeducationalsubs@latimes.com; LATimes@wrightsmedia.com; CommsDept@latimes.com; monika.khare@latimes.com,+10001975593,long beach california restaurants
www.visitlongbeach.com,http://www.visitlongbeach.com,info@longbeachcvb.org,info@visitlb.com,+11686580623,long beach california restaurants
www.latimes.com,https://www.latimes.com/about/pressreleases,studiosdevelopment@latimes.com,myra.marayag@latimes.com; rebecca.castillo@latimes.com; LATeducationalsubs@latimes.com; LATimes@wrightsmedia.com; CommsDept@latimes.com; monika.khare@latimes.com,+10001981247,long beach california restaurants
www.latimes.com,https://www.latimes.com/footersubscribe,,,+17297926368,long beach california restaurants
meowvintage.com,http://meowvintage.com,bigkitty@meowvintage.com,,+15624388990,long beach california restaurants
www.latimes.com,https://www.latimes.com/,studiosdevelopment@latimes.com,myra.marayag@latimes.com; 9f057df6115a4bb488c08ea12a835e6e@o418887.ingest.sentry.io; rebecca.castillo@latimes.com; LATeducationalsubs@latimes.com; 9f057df6115a4bb488c08ea12a835e6e@error-tracking.reddit.com; LATimes@wrightsmedia.com; carlin.stiehl@latimes.com; CommsDept@latimes.com; monika.khare@latimes.com,+12075880373,long beach california restaurants
www.latimes.com,https://www.latimes.com/b2b/consumer-goods-retail,studios@latimes.com,studiosdevelopment@latimes.com; myra.marayag@latimes.com; rebecca.castillo@latimes.com; LATeducationalsubs@latimes.com; LATimes@wrightsmedia.com; CommsDept@latimes.com; monika.khare@latimes.com,+10001975593,long beach california restaurants
maps.apple.com,https://maps.apple.com/?q=33.782859%2C-118.158759,,,+16325625209,long beach california restaurants
maps.apple.com,https://maps.apple.com/?q=33.782343%2C-118.150784,,,+10003839073,long beach california restaurants
www.latimes.com,https://www.latimes.com/b2b,studios@latimes.com,studiosdevelopment@latimes.com; myra.marayag@latimes.com; rebecca.castillo@latimes.com; LATeducationalsubs@latimes.com; LATimes@wrightsmedia.com; CommsDept@latimes.com; monika.khare@latimes.com,+10001941901,long beach california restaurants
www.latimes.com,https://www.latimes.com/seniorresources,studiosdevelopment@latimes.com,myra.marayag@latimes.com; rebecca.castillo@latimes.com; LATeducationalsubs@latimes.com; LATimes@wrightsmedia.com; CommsDept@latimes.com; monika.khare@latimes.com; paidpost@latimes.com,+18974174526,long beach california restaurants
www.latimes.com,https://www.latimes.com/topic/global-warming,studiosdevelopment@latimes.com,myra.marayag@latimes.com; rebecca.castillo@latimes.com; LATeducationalsubs@latimes.com; LATimes@wrightsmedia.com; CommsDept@latimes.com; monika.khare@latimes.com,+10001974119,long beach california restaurants
marketplace.latimes.com,https://marketplace.latimes.com/places/types:23,,,+12616802528,long beach california restaurants
play.google.com,https://play.google.com/store/apps/details?id=com.apptivateme.next.la&hl=en_US,mobilesupport@latimes.com,mobile@latimes.com; asxvmprobertest@gmail.com; smart.journey.prober@gmail.com,+14264355552,long beach california restaurants
www.latimes.com,https://www.latimes.com/entertainment-arts/tv,studiosdevelopment@latimes.com,myra.marayag@latimes.com; rebecca.castillo@latimes.com; LATeducationalsubs@latimes.com; LATimes@wrightsmedia.com; CommsDept@latimes.com; monika.khare@latimes.com,+10001975593,long beach california restaurants
www.threads.net,https://www.threads.net/@latimes,,,+17870404992,long beach california restaurants
www.latimes.com,https://www.latimes.com/entertainment-arts/books,studiosdevelopment@latimes.com,myra.marayag@latimes.com; rebecca.castillo@latimes.com; LATeducationalsubs@latimes.com; LATimes@wrightsmedia.com; CommsDept@latimes.com; monika.khare@latimes.com,+12348612459,long beach california restaurants
www.latimes.com,https://www.latimes.com/topic/ukraine,studiosdevelopment@latimes.com,myra.marayag@latimes.com; rebecca.castillo@latimes.com; LATeducationalsubs@latimes.com; LATimes@wrightsmedia.com; CommsDept@latimes.com; monika.khare@latimes.com,+10001975593,long beach california restaurants
www.latimes.com,https://www.latimes.com/b2b/orange-county,studios@latimes.com,studiosdevelopment@latimes.com; myra.marayag@latimes.com; rebecca.castillo@latimes.com; LATeducationalsubs@latimes.com; LATimes@wrightsmedia.com; CommsDept@latimes.com; monika.khare@latimes.com,+10001975593,long beach california restaurants
www.latimes.com,https://www.latimes.com/games,studiosdevelopment@latimes.com,myra.marayag@latimes.com; rebecca.castillo@latimes.com; LATeducationalsubs@latimes.com; LATimes@wrightsmedia.com; CommsDept@latimes.com; monika.khare@latimes.com,+10001975593,long beach california restaurants
www.latimes.com,https://www.latimes.com/subscriber-terms-and-conditions,termsofservice@latimes.com,studios@latimes.com; studiosdevelopment@latimes.com; customerservices@latimes.com; myra.marayag@latimes.com; rebecca.castillo@latimes.com; LATeducationalsubs@latimes.com; LATimes@wrightsmedia.com; CommsDept@latimes.com; monika.khare@latimes.com,+10001799054,long beach california restaurants
maps.apple.com,https://maps.apple.com/?q=33.7768442%2C-118.10701,,,+11181071557,long beach california restaurants
www.latimes.com,https://www.latimes.com/sitemap,studios@latimes.com,studiosdevelopment@latimes.com; myra.marayag@latimes.com; rebecca.castillo@latimes.com; LATeducationalsubs@latimes.com; LATimes@wrightsmedia.com; CommsDept@latimes.com; monika.khare@latimes.com,+10001799054,long beach california restaurants
www.latimes.com,https://www.latimes.com/voices,studiosdevelopment@latimes.com,myra.marayag@latimes.com; rebecca.castillo@latimes.com; LATeducationalsubs@latimes.com; LATimes@wrightsmedia.com; CommsDept@latimes.com; monika.khare@latimes.com,+10001975593,long beach california restaurants
www.latimes.com,https://www.latimes.com/sports/rams,studiosdevelopment@latimes.com,myra.marayag@latimes.com; rebecca.castillo@latimes.com; LATeducationalsubs@latimes.com; LATimes@wrightsmedia.com; CommsDept@latimes.com; monika.khare@latimes.com,+10001975593,long beach california restaurants
maps.apple.com,https://maps.apple.com/?q=33.770728%2C-118.189708,,,+15511151231,long beach california restaurants
www.latimes.com,https://www.latimes.com/wildfire-recovery,studios@latimes.com,studiosdevelopment@latimes.com; myra.marayag@latimes.com; rebecca.castillo@latimes.com; LATeducationalsubs@latimes.com; LATimes@wrightsmedia.com; CommsDept@latimes.com; monika.khare@latimes.com,+16058642838,long beach california restaurants
maps.apple.com,https://maps.apple.com/?q=33.804815%2C-118.193321,,,+18092719764,long beach california restaurants
www.latimes.com,https://www.latimes.com/archives,studios@latimes.com,studiosdevelopment@latimes.com; myra.marayag@latimes.com; rebecca.castillo@latimes.com; LATeducationalsubs@latimes.com; LATimes@wrightsmedia.com; CommsDept@latimes.com; monika.khare@latimes.com,+10001799054,long beach california restaurants
www.latimes.com,https://www.latimes.com/doctors-scientists,studios@latimes.com,studiosdevelopment@latimes.com; myra.marayag@latimes.com; rebecca.castillo@latimes.com; LATeducationalsubs@latimes.com; LATimes@wrightsmedia.com; CommsDept@latimes.com; monika.khare@latimes.com,+10001978962,long beach california restaurants
www.latimes.com,https://www.latimes.com/topic/artificial-intelligence,studiosdevelopment@latimes.com,myra.marayag@latimes.com; rebecca.castillo@latimes.com; LATeducationalsubs@latimes.com; LATimes@wrightsmedia.com; CommsDept@latimes.com; monika.khare@latimes.com,+10001980948,long beach california restaurants
www.latimes.com,https://www.latimes.com/food/recipes,studiosdevelopment@latimes.com,myra.marayag@latimes.com; rebecca.castillo@latimes.com; LATeducationalsubs@latimes.com; LATimes@wrightsmedia.com; CommsDept@latimes.com; monika.khare@latimes.com,+10001975593,long beach california restaurants
enewspaper.latimes.com,https://enewspaper.latimes.com/desktop/latimes/default.aspx?pubid=50435180-e58e-48b5-8e0c-236bf740270e,,,+16388825402,long beach california restaurants
www.latimes.com,https://www.latimes.com/topic/mental-health,studiosdevelopment@latimes.com,myra.marayag@latimes.com; rebecca.castillo@latimes.com; LATeducationalsubs@latimes.com; LATimes@wrightsmedia.com; CommsDept@latimes.com; monika.khare@latimes.com,+12348612459,long beach california restaurants
maps.apple.com,https://maps.apple.com/?q=33.789695%2C-118.153807,,,+11752653638,long beach california restaurants
www.latimes.com,https://www.latimes.com/weddings,studios@latimes.com,studiosdevelopment@latimes.com; myra.marayag@latimes.com; rebecca.castillo@latimes.com; LATeducationalsubs@latimes.com; LATimes@wrightsmedia.com; CommsDept@latimes.com; monika.khare@latimes.com,+10001975593,long beach california restaurants
www.latimes.com,https://www.latimes.com/lifestyle/weekend,studiosdevelopment@latimes.com,myra.marayag@latimes.com; rebecca.castillo@latimes.com; LATeducationalsubs@latimes.com; LATimes@wrightsmedia.com; CommsDept@latimes.com; monika.khare@latimes.com,+16614190000,long beach california restaurants
www.latimes.com,https://www.latimes.com/sports/hockey/ducks,studiosdevelopment@latimes.com,myra.marayag@latimes.com; rebecca.castillo@latimes.com; LATeducationalsubs@latimes.com; LATimes@wrightsmedia.com; CommsDept@latimes.com; monika.khare@latimes.com,+10001975593,long beach california restaurants
www.latimes.com,https://www.latimes.com/00000192-788e-ddaa-a39a-7abfc6b30000-123,studios@latimes.com,studiosdevelopment@latimes.com; myra.marayag@latimes.com; rebecca.castillo@latimes.com; LATeducationalsubs@latimes.com; LATimes@wrightsmedia.com; CommsDept@latimes.com; monika.khare@latimes.com,+17604320000,long beach california restaurants
maps.apple.com,https://maps.apple.com/?q=33.775564%2C-118.168107,,,+15511151231,long beach california restaurants
www.latimes.com,https://www.latimes.com/topic/la-times-today,studiosdevelopment@latimes.com,myra.marayag@latimes.com; rebecca.castillo@latimes.com; LATeducationalsubs@latimes.com; LATimes@wrightsmedia.com; CommsDept@latimes.com; monika.khare@latimes.com,+10001975593,long beach california restaurants
www.latimes.com,https://www.latimes.com/archives/topics,studiosdevelopment@latimes.com,myra.marayag@latimes.com; rebecca.castillo@latimes.com; LATeducationalsubs@latimes.com; LATimes@wrightsmedia.com; CommsDept@latimes.com; monika.khare@latimes.com,+10001975593,long beach california restaurants
www.latimes.com,https://www.latimes.com/topic/plants,studiosdevelopment@latimes.com,myra.marayag@latimes.com; rebecca.castillo@latimes.com; LATeducationalsubs@latimes.com; LATimes@wrightsmedia.com; CommsDept@latimes.com; monika.khare@latimes.com,+10001975593,long beach california restaurants
apps.apple.com,https://apps.apple.com/us/app/la-times/id373238146,KNBCdigitalfeedback@nbcuni.com,mobilesupport@gannett.com; mobile@latimes.com; support@theatlantic.com; feedback@usatoday.com; feedback@USATODAY.com,+11748448483,long beach california restaurants
www.latimes.com,https://www.latimes.com/travel/story/2025-07-13/palm-springs-hotels-summer-discounts,studiosdevelopment@latimes.com,myra.marayag@latimes.com; rebecca.castillo@latimes.com; LATeducationalsubs@latimes.com; LATimes@wrightsmedia.com; CommsDept@latimes.com; monika.khare@latimes.com,+10001975593,long beach california restaurants
www.latimes.com,https://www.latimes.com/food/list/best-new-exciting-restaurants-long-beach-guide,LATimes@wrightsmedia.com,studiosdevelopment@latimes.com; myra.marayag@latimes.com; rebecca.castillo@latimes.com; LATeducationalsubs@latimes.com; danielle.dorsey@latimes.com; CommsDept@latimes.com; monika.khare@latimes.com,+10001975593,long beach california restaurants
www.youtube.com,https://www.youtube.com/user/losangelestimes,,,+19452388879,long beach california restaurants
www.latimes.com,https://www.latimes.com/games/daily-crossword,studiosdevelopment@latimes.com,myra.marayag@latimes.com; rebecca.castillo@latimes.com; LATeducationalsubs@latimes.com; LATimes@wrightsmedia.com; CommsDept@latimes.com; monika.khare@latimes.com,+10001975593,long beach california restaurants
www.latimes.com,https://www.latimes.com/topic/california-law-politics,studiosdevelopment@latimes.com,myra.marayag@latimes.com; rebecca.castillo@latimes.com; LATeducationalsubs@latimes.com; LATimes@wrightsmedia.com; CommsDept@latimes.com; monika.khare@latimes.com,+12223101080,long beach california restaurants
membership.latimes.com,https://membership.latimes.com/newsletters/,privacy@latimes.com,membershipservices@latimes.com; customerservices@latimes.com; digitalsubs@latimes.com,+18410374097,long beach california restaurants
placeanad.latimes.com,https://placeanad.latimes.com/,selfservice@latimes.com,revopps@latimes.com; %20revopps@latimes.com; SelfService@latimes.com; %20latclassifieds@latimes.com; SelfService@caltimes.com; jack.leon@latimes.com; LATclassifieds@latimes.com; customerservices@latimes.com,+11731614481,long beach california restaurants
www.youtube.com,https://www.youtube.com/losangelestimes,,,+19452388879,long beach california restaurants
www.latimes.com,https://www.latimes.com/business,studiosdevelopment@latimes.com,myra.marayag@latimes.com; rebecca.castillo@latimes.com; stacy.perman@latimes.com; LATeducationalsubs@latimes.com; LATimes@wrightsmedia.com; CommsDept@latimes.com; monika.khare@latimes.com,+10001980948,long beach california restaurants
www.latimes.com,https://www.latimes.com/sports/angels,studiosdevelopment@latimes.com,myra.marayag@latimes.com; rebecca.castillo@latimes.com; LATeducationalsubs@latimes.com; LATimes@wrightsmedia.com; CommsDept@latimes.com; monika.khare@latimes.com,+12505809912,long beach california restaurants
www.latimes.com,https://www.latimes.com/b2b/law-legal,studios@latimes.com,studiosdevelopment@latimes.com; myra.marayag@latimes.com; rebecca.castillo@latimes.com; LATeducationalsubs@latimes.com; LATimes@wrightsmedia.com; CommsDept@latimes.com; monika.khare@latimes.com,+10001975593,long beach california restaurants
www.latimes.com,https://www.latimes.com/giving,studiosdevelopment@latimes.com,myra.marayag@latimes.com; rebecca.castillo@latimes.com; LATeducationalsubs@latimes.com; LATimes@wrightsmedia.com; CommsDept@latimes.com; monika.khare@latimes.com; paidpost@latimes.com,+10001975593,long beach california restaurants
www.latimes.com,https://www.latimes.com/topic/editorials,studiosdevelopment@latimes.com,myra.marayag@latimes.com; rebecca.castillo@latimes.com; LATeducationalsubs@latimes.com; LATimes@wrightsmedia.com; CommsDept@latimes.com; monika.khare@latimes.com,+10001949989,long beach california restaurants
thebakenbroil.com,http://thebakenbroil.com,,,+15275757759,long beach california restaurants
mediakit.latimes.com,https://mediakit.latimes.com/,bookclub@latimes.com,,+16376597272,long beach california restaurants
www.latimes.com,https://www.latimes.com/business/real-estate,studiosdevelopment@latimes.com,myra.marayag@latimes.com; rebecca.castillo@latimes.com; LATeducationalsubs@latimes.com; LATimes@wrightsmedia.com; CommsDept@latimes.com; monika.khare@latimes.com,+10001975593,long beach california restaurants
www.latimes.com,https://www.latimes.com/topic/mexico-americas,studiosdevelopment@latimes.com,myra.marayag@latimes.com; rebecca.castillo@latimes.com; LATeducationalsubs@latimes.com; LATimes@wrightsmedia.com; CommsDept@latimes.com; monika.khare@latimes.com,+10001975593,long beach california restaurants
www.latimes.com,https://www.latimes.com/travel/story/2023-10-19/los-angeles-neighborhood-city-guides,studiosdevelopment@latimes.com,myra.marayag@latimes.com; rebecca.castillo@latimes.com; LATeducationalsubs@latimes.com; LATimes@wrightsmedia.com; CommsDept@latimes.com; monika.khare@latimes.com,+16614190000,long beach california restaurants
www.latimes.com,https://www.latimes.com/topic/la-affairs,studiosdevelopment@latimes.com,myra.marayag@latimes.com; rebecca.castillo@latimes.com; LATeducationalsubs@latimes.com; LATimes@wrightsmedia.com; CommsDept@latimes.com; monika.khare@latimes.com,+16700220008,long beach california restaurants
www.latimes.com,https://www.latimes.com/world-nation,studiosdevelopment@latimes.com,myra.marayag@latimes.com; rebecca.castillo@latimes.com; LATeducationalsubs@latimes.com; LATimes@wrightsmedia.com; CommsDept@latimes.com; monika.khare@latimes.com,+10001975593,long beach california restaurants
www.latimes.com,https://www.latimes.com/lifestyle/image/story/2022-09-13/drip-index,studiosdevelopment@latimes.com,myra.marayag@latimes.com; rebecca.castillo@latimes.com; LATeducationalsubs@latimes.com; LATimes@wrightsmedia.com; CommsDept@latimes.com; monika.khare@latimes.com,+10001833289,long beach california restaurants
www.latimes.com,https://www.latimes.com/topic/la-politics,studiosdevelopment@latimes.com,myra.marayag@latimes.com; rebecca.castillo@latimes.com; LATeducationalsubs@latimes.com; LATimes@wrightsmedia.com; CommsDept@latimes.com; monika.khare@latimes.com,+10001975593,long beach california restaurants
maps.apple.com,https://maps.apple.com/?q=33.774538%2C-118.179809,,,+17700968235,long beach california restaurants
www.latimes.com,https://www.latimes.com/sports/highschool,studiosdevelopment@latimes.com,myra.marayag@latimes.com; rebecca.castillo@latimes.com; LATeducationalsubs@latimes.com; LATimes@wrightsmedia.com; CommsDept@latimes.com; monika.khare@latimes.com,+10001975593,long beach california restaurants
www.latimes.com,https://www.latimes.com/politics,studiosdevelopment@latimes.com,myra.marayag@latimes.com; rebecca.castillo@latimes.com; LATeducationalsubs@latimes.com; LATimes@wrightsmedia.com; CommsDept@latimes.com; monika.khare@latimes.com,+10001980953,long beach california restaurants
www.latimes.com,https://www.latimes.com/science,studiosdevelopment@latimes.com,myra.marayag@latimes.com; rebecca.castillo@latimes.com; LATeducationalsubs@latimes.com; LATimes@wrightsmedia.com; CommsDept@latimes.com; monika.khare@latimes.com,+10001972303,long beach california restaurants
placeanad.latimes.com,https://placeanad.latimes.com/open-house,selfservice@latimes.com,revopps@latimes.com; %20revopps@latimes.com; SelfService@latimes.com; %20latclassifieds@latimes.com; SelfService@caltimes.com; jack.leon@latimes.com; LATclassifieds@latimes.com; customerservices@latimes.com,+11731614481,long beach california restaurants
www.latimes.com,https://www.latimes.com/food/list/101-best-restaurants-los-angeles,studiosdevelopment@latimes.com,bill.addison@latimes.com; myra.marayag@latimes.com; jenn.harris@latimes.com; rebecca.castillo@latimes.com; LATeducationalsubs@latimes.com; LATimes@wrightsmedia.com; CommsDept@latimes.com; monika.khare@latimes.com; info@yangbanla.com,+12134436163,long beach california restaurants
www.latimes.com,https://www.latimes.com/sports/dodgers,studiosdevelopment@latimes.com,myra.marayag@latimes.com; rebecca.castillo@latimes.com; LATeducationalsubs@latimes.com; LATimes@wrightsmedia.com; CommsDept@latimes.com; monika.khare@latimes.com,+10001975593,long beach california restaurants
www.latimes.com,https://www.latimes.com/flyoutsubscribe,,,+17297926368,long beach california restaurants
rancholosalamitos.org,http://rancholosalamitos.org,,,+18934280639,long beach california restaurants
www.latimes.com,https://www.latimes.com/b2b/banking-finance,studios@latimes.com,studiosdevelopment@latimes.com; myra.marayag@latimes.com; rebecca.castillo@latimes.com; LATeducationalsubs@latimes.com; LATimes@wrightsmedia.com; CommsDept@latimes.com; monika.khare@latimes.com,+10001975593,long beach california restaurants
maps.apple.com,https://maps.apple.com/?q=33.828788%2C-118.189819,,,+11412032045,long beach california restaurants
www.ammatoli.com,http://www.ammatoli.com,info@ammatoli.com,,+14209983348,long beach california restaurants
www.latimes.com,https://www.latimes.com/business/autos,max.kim@latimes.com,studiosdevelopment@latimes.com; myra.marayag@latimes.com; rebecca.castillo@latimes.com; LATeducationalsubs@latimes.com; LATimes@wrightsmedia.com; CommsDept@latimes.com; monika.khare@latimes.com,+12184585949,long beach california restaurants
www.latimes.com,https://www.latimes.com/screenings,studios@latimes.com,studiosdevelopment@latimes.com; myra.marayag@latimes.com; rebecca.castillo@latimes.com; LATeducationalsubs@latimes.com; LATimes@wrightsmedia.com; CommsDept@latimes.com; monika.khare@latimes.com,+10001975593,long beach california restaurants
www.latimes.com,https://www.latimes.com/about/how-to-obtain-rights-permissions,studios@latimes.com,studiosdevelopment@latimes.com; myra.marayag@latimes.com; rebecca.castillo@latimes.com; LATeducationalsubs@latimes.com; LATimes@wrightsmedia.com; CommsDept@latimes.com; monika.khare@latimes.com,+10001799054,long beach california restaurants
www.latimes.com,https://www.latimes.com/travel/story/2025-07-14/photo-booth-museum-opens-los-angeles,studiosdevelopment@latimes.com,christopher.reynolds@latimes.com; myra.marayag@latimes.com; rebecca.castillo@latimes.com; LATeducationalsubs@latimes.com; LATimes@wrightsmedia.com; CommsDept@latimes.com; monika.khare@latimes.com,+10001975593,long beach california restaurants
www.longbeach.gov,http://www.longbeach.gov,Johnny.Johnson@LongBeach.Gov,Bryce.Tyler@LongBeach.Gov; Sarah.Green@LongBeach.Gov; cityattorney@longbeach.gov; prosecutor@longbeach.gov; district9@longbeach.gov; district6@longbeach.gov; Amanda.Elek-Truman@LongBeach.gov; Amanda.Elek-Truman@LongBeach.Gov; Fred.Verdugo@LongBeach.Gov; district4@longbeach.gov; district7@longbeach.gov; cityclerk@longbeach.gov; Derek.Law@LongBeach.Gov; district2@longbeach.gov; citymanager@longbeach.gov; Joleen.Richardson@LongBeach.Gov; auditor@longbeach.gov; district1@longbeach.gov; Omar.Ramos@LongBeach.Gov; district5@longbeach.gov; mayor@longbeach.gov; district3@longbeach.gov; humanresources@longbeach.gov; district8@longbeach.gov; Omar.Ramos@longbeach.gov; sarah.green@longbeach.gov; civilservice@longbeach.gov,+15625707777,long beach california restaurants
www.latimes.com,https://www.latimes.com/topic/comedy,studiosdevelopment@latimes.com,myra.marayag@latimes.com; rebecca.castillo@latimes.com; LATeducationalsubs@latimes.com; LATimes@wrightsmedia.com; CommsDept@latimes.com; monika.khare@latimes.com,+10001975593,long beach california restaurants
www.latimes.com,https://www.latimes.com/lifestyle/image/story/2022-09-13/coveted,studiosdevelopment@latimes.com,myra.marayag@latimes.com; marques.harper@latimes.com; rebecca.castillo@latimes.com; LATeducationalsubs@latimes.com; LATimes@wrightsmedia.com; CommsDept@latimes.com; monika.khare@latimes.com,+10001805314,long beach california restaurants
www.latimes.com,https://www.latimes.com/travel,studiosdevelopment@latimes.com,myra.marayag@latimes.com; rebecca.castillo@latimes.com; LATeducationalsubs@latimes.com; LATimes@wrightsmedia.com; CommsDept@latimes.com; monika.khare@latimes.com,+16614190000,long beach california restaurants
www.latimes.com,https://www.latimes.com/gift-subscription-terms,termsofservice@latimes.com,studios@latimes.com; studiosdevelopment@latimes.com; customerservices@latimes.com; myra.marayag@latimes.com; rebecca.castillo@latimes.com; LATeducationalsubs@latimes.com; LATimes@wrightsmedia.com; CommsDept@latimes.com; monika.khare@latimes.com,+10001799054,long beach california restaurants
www.latimes.com,https://www.latimes.com/tips/,datadesk@latimes.com,tips@latimes.com; firstname.lastname@latimes.com,+10001981071,long beach california restaurants
japanesegarden.innosoftfusion.com,http://japanesegarden.innosoftfusion.com,ZenGardenEvents@csulb.edu,zengardenevents@csulb.edu; JGCoordinators@csulb.edu,+18297606218,long beach california restaurants
www.latimes.com,https://www.latimes.com/topic/fashion,studiosdevelopment@latimes.com,myra.marayag@latimes.com; rebecca.castillo@latimes.com; LATeducationalsubs@latimes.com; LATimes@wrightsmedia.com; CommsDept@latimes.com; monika.khare@latimes.com,+12348612459,long beach california restaurants
www.latimes.com,https://www.latimes.com/about/marketing/los-angeles-times-for-students-and-educators,studiosdevelopment@latimes.com,myra.marayag@latimes.com; rebecca.castillo@latimes.com; LATeducationalsubs@latimes.com; LATimes@wrightsmedia.com; CommsDept@latimes.com; monika.khare@latimes.com,+10001975593,long beach california restaurants
www.latimes.com,https://www.latimes.com/topic/california-drought,studiosdevelopment@latimes.com,myra.marayag@latimes.com; rebecca.castillo@latimes.com; LATeducationalsubs@latimes.com; LATimes@wrightsmedia.com; CommsDept@latimes.com; monika.khare@latimes.com,+12308281004,long beach california restaurants
www.latimes.com,https://www.latimes.com/sports/ucla,studiosdevelopment@latimes.com,myra.marayag@latimes.com; rebecca.castillo@latimes.com; LATeducationalsubs@latimes.com; LATimes@wrightsmedia.com; CommsDept@latimes.com; monika.khare@latimes.com,+10001975593,long beach california restaurants
api.whatsapp.com,https://api.whatsapp.com/send?text=This%20must%20be%20Long%20Beach%20https%3A%2F%2Fwww.latimes.com%2Ftravel%2Flist%2Flong-beach-california-guide-things-to-do,,,+15037673873,long beach california restaurants
arttheatrelongbeach.org,http://arttheatrelongbeach.org,Asset-4@3x-e1535042502846.png,Asset-1@3x-e1534885547296.png,+15256434552,long beach california restaurants
www.latimes.com,https://www.latimes.com/delos,studiosdevelopment@latimes.com,delos@latimes.com; myra.marayag@latimes.com; delos@latimes.comFollow; rebecca.castillo@latimes.com; LATeducationalsubs@latimes.com; LATimes@wrightsmedia.com; CommsDept@latimes.com; monika.khare@latimes.com,+10001975593,long beach california restaurants
www.latimes.com,https://www.latimes.com/higher-education,studios@latimes.com,studiosdevelopment@latimes.com; myra.marayag@latimes.com; rebecca.castillo@latimes.com; LATeducationalsubs@latimes.com; LATimes@wrightsmedia.com; CommsDept@latimes.com; monika.khare@latimes.com,+10001975593,long beach california restaurants
www.latimes.com,https://www.latimes.com/lifestyle/image/story/2022-09-13/styling-myself,studiosdevelopment@latimes.com,myra.marayag@latimes.com; rebecca.castillo@latimes.com; LATeducationalsubs@latimes.com; LATimes@wrightsmedia.com; CommsDept@latimes.com; monika.khare@latimes.com,+10001816436,long beach california restaurants
www.latimes.com,https://www.latimes.com/obituaries,studiosdevelopment@latimes.com,myra.marayag@latimes.com; rebecca.castillo@latimes.com; LATeducationalsubs@latimes.com; LATimes@wrightsmedia.com; CommsDept@latimes.com; monika.khare@latimes.com,+10001975593,long beach california restaurants
threads.net,https://threads.net/intent/post?text=This%20must%20be%20Long%20Beach%20https%3A%2F%2Fwww.latimes.com%2Ftravel%2Flist%2Flong-beach-california-guide-things-to-do,,,+17870404992,long beach california restaurants
maps.apple.com,https://maps.apple.com/?q=33.829206%2C-118.145086,,,+17347234759,long beach california restaurants
www.latimes.com,https://www.latimes.com/lifestyle/story/2025-07-15/jennifer-romolini-of-extended-scenes-podcast-on-how-to-stay-sane-in-los-angeles,studiosdevelopment@latimes.com,deborah.vankin@latimes.com; myra.marayag@latimes.com; rebecca.castillo@latimes.com; LATeducationalsubs@latimes.com; LATimes@wrightsmedia.com; CommsDept@latimes.com; monika.khare@latimes.com,+12348612459,long beach california restaurants
maps.apple.com,https://maps.apple.com/?q=33.772016%2C-118.166979,,,+15511151231,long beach california restaurants
careers.latimes.com,https://careers.latimes.com/,LAT-Office@2x-2048x512-1-300x75.png,ICON-Unlimited-PTO@2x.png; ICON-Health@2x.png; LAT-Office@2x-2048x512-1-1024x256.png; LAT-Office@2x-2048x512-1.png; ICON-Commuter-Benefit@2x.png; LAT-Office@2x-2048x512-1-1536x384.png; logo-LAT-full-black@2x.png; ICON-Volunteer-Benefit@2x.png; ICON-Parental-Leave@2x.png; hrcommunications@latimes.com; ICON-401K@2x.png; ICON-Talent-Development@2x.png; LAT-Office@2x-2048x512-1-768x192.png,+11581736753,long beach california restaurants
marketplace.latimes.com,https://marketplace.latimes.com/places/categories:43,,,+12870141946,long beach california restaurants
www.latimes.com,https://www.latimes.com/entertainment-arts/movies,studiosdevelopment@latimes.com,myra.marayag@latimes.com; rebecca.castillo@latimes.com; LATeducationalsubs@latimes.com; LATimes@wrightsmedia.com; CommsDept@latimes.com; monika.khare@latimes.com,+10001975593,long beach california restaurants
www.latimes.com,https://www.latimes.com/entertainment-arts,studiosdevelopment@latimes.com,myra.marayag@latimes.com; rebecca.castillo@latimes.com; LATeducationalsubs@latimes.com; LATimes@wrightsmedia.com; CommsDept@latimes.com; monika.khare@latimes.com,+10001980948,long beach california restaurants
placeanad.latimes.com,https://placeanad.latimes.com,selfservice@latimes.com,revopps@latimes.com; %20revopps@latimes.com; SelfService@latimes.com; %20latclassifieds@latimes.com; SelfService@caltimes.com; jack.leon@latimes.com; LATclassifieds@latimes.com; customerservices@latimes.com,+11731614481,long beach california restaurants
www.marlena-longbeach.com,http://www.marlena-longbeach.com,info@marlena-longbeach.com,,+11664845318,long beach california restaurants
www.latimes.com,https://www.latimes.com/newsroom-directory,Firstname.Lastname@latimes.com,studiosdevelopment@latimes.com; myra.marayag@latimes.com; careers@latimes.com; monika.khare@latimes.com; rebecca.castillo@latimes.com; LATeducationalsubs@latimes.com; LATimes@wrightsmedia.com; CommsDept@latimes.com; readers.representative@latimes.com,+16963030000,long beach california restaurants
www.latimes.com,https://www.latimes.com/sports/hockey/kings,studiosdevelopment@latimes.com,myra.marayag@latimes.com; rebecca.castillo@latimes.com; LATeducationalsubs@latimes.com; LATimes@wrightsmedia.com; CommsDept@latimes.com; monika.khare@latimes.com,+13389364686,long beach california restaurants
www.latimes.com,https://www.latimes.com/opinion/letters-to-the-editor,studiosdevelopment@latimes.com,myra.marayag@latimes.com; rebecca.castillo@latimes.com; LATeducationalsubs@latimes.com; LATimes@wrightsmedia.com; CommsDept@latimes.com; monika.khare@latimes.com,+10001975593,long beach california restaurants
www.latimes.com,https://www.latimes.com/live-well,studios@latimes.com,studiosdevelopment@latimes.com; myra.marayag@latimes.com; rebecca.castillo@latimes.com; LATeducationalsubs@latimes.com; LATimes@wrightsmedia.com; CommsDept@latimes.com; monika.khare@latimes.com,+10001975593,long beach california restaurants
maps.apple.com,https://maps.apple.com/?q=33.784225%2C-118.153804,,,+11181592013,long beach california restaurants
www.latimes.com,https://www.latimes.com/la-influential,studiosdevelopment@latimes.com,myra.marayag@latimes.com; rebecca.castillo@latimes.com; LATeducationalsubs@latimes.com; LATimes@wrightsmedia.com; CommsDept@latimes.com; monika.khare@latimes.com,+10001975593,long beach california restaurants
www.latimes.com,https://www.latimes.com/brandpublishing/hotproperty,studios@latimes.com,studiosdevelopment@latimes.com; myra.marayag@latimes.com; rebecca.castillo@latimes.com; LATeducationalsubs@latimes.com; LATimes@wrightsmedia.com; CommsDept@latimes.com; monika.khare@latimes.com,+10001975593,long beach california restaurants
www.latimes.com,https://www.latimes.com/topic/home-design,studiosdevelopment@latimes.com,myra.marayag@latimes.com; rebecca.castillo@latimes.com; LATeducationalsubs@latimes.com; LATimes@wrightsmedia.com; CommsDept@latimes.com; monika.khare@latimes.com,+10001975593,long beach california restaurants
membership.latimes.com,https://membership.latimes.com/subscription-info,privacy@latimes.com,membershipservices@latimes.com; customerservices@latimes.com; digitalsubs@latimes.com,+18410374097,long beach california restaurants
www.latimes.com,https://www.latimes.com/b2b/health-life-science,studios@latimes.com,studiosdevelopment@latimes.com; myra.marayag@latimes.com; rebecca.castillo@latimes.com; LATeducationalsubs@latimes.com; LATimes@wrightsmedia.com; CommsDept@latimes.com; monika.khare@latimes.com,+10001947080,long beach california restaurants
maps.apple.com,https://maps.apple.com/?q=33.781681%2C-118.15037,,,+15511151231,long beach california restaurants
store.latimes.com,https://store.latimes.com/?utm_source=latimes&utm_medium=homepage&utm_campaign=homepage_subnav,monika.khare@latimes.com,rebecca.castillo@latimes.com; Shop_LAT_logo_copy_2_95x@2x.png,+13814581311,long beach california restaurants
www.latimes.com,https://www.latimes.com/espanol/,LATimes@wrightsmedia.com,CommsDept@latimes.com; studiosdevelopment@latimes.com,+16189577588,long beach california restaurants
www.latimes.com,https://www.latimes.com/business/technology,studiosdevelopment@latimes.com,myra.marayag@latimes.com; rebecca.castillo@latimes.com; LATeducationalsubs@latimes.com; LATimes@wrightsmedia.com; CommsDept@latimes.com; monika.khare@latimes.com,+10001975593,long beach california restaurants
www.latimes.com,https://www.latimes.com/lifestyle/image,studiosdevelopment@latimes.com,myra.marayag@latimes.com; rebecca.castillo@latimes.com; LATeducationalsubs@latimes.com; LATimes@wrightsmedia.com; CommsDept@latimes.com; monika.khare@latimes.com,+10001975593,long beach california restaurants
jobs.latimes.com,https://jobs.latimes.com/,,,+11295978843,long beach california restaurants
www.latimes.com,https://www.latimes.com/about,studios@latimes.com,privacy@latimes.com; studiosdevelopment@latimes.com; customerservices@latimes.com; membershipservices@latimes.com; myra.marayag@latimes.com; firstname.lastname@latimes.com; careers@latimes.com; rebecca.castillo@latimes.com; LATeducationalsubs@latimes.com; LATimes@wrightsmedia.com; CommsDept@latimes.com; monika.khare@latimes.com; digitalsubs@latimes.com,+10001799054,long beach california restaurants
www.latimes.com,https://www.latimes.com/food/list/best-tacos-los-angeles-101-guide-birria-asada-pastor-carnitas,daniel.hernandez@latimes.com,LATimes@wrightsmedia.com; studiosdevelopment@latimes.com; laurie.ochoa@latimes.com; betty.hallock@latimes.com; bill.addison@latimes.com; sarah.mosqueda@latimes.com; myra.marayag@latimes.com; jenn.harris@latimes.com; stephanie.breijo@latimes.com; rebecca.castillo@latimes.com; LATeducationalsubs@latimes.com; danielle.dorsey@latimes.com; CommsDept@latimes.com; monika.khare@latimes.com,+16967977967,long beach california restaurants
www.latimes.com,https://www.latimes.com/california,studiosdevelopment@latimes.com,myra.marayag@latimes.com; rebecca.castillo@latimes.com; LATeducationalsubs@latimes.com; LATimes@wrightsmedia.com; carlin.stiehl@latimes.com; CommsDept@latimes.com; monika.khare@latimes.com,+16058642838,long beach california restaurants
x.com,https://x.com/latimes,,,+11823597788,long beach california restaurants
www.latimes.com,https://www.latimes.com/sports/soccer/angel-city-fc,studiosdevelopment@latimes.com,myra.marayag@latimes.com; rebecca.castillo@latimes.com; LATeducationalsubs@latimes.com; LATimes@wrightsmedia.com; CommsDept@latimes.com; monika.khare@latimes.com,+10001975593,long beach california restaurants
www.latimes.com,https://www.latimes.com/topic/education,studiosdevelopment@latimes.com,myra.marayag@latimes.com; rebecca.castillo@latimes.com; LATeducationalsubs@latimes.com; LATimes@wrightsmedia.com; CommsDept@latimes.com; monika.khare@latimes.com,+10001975593,long beach california restaurants
www.latimes.com,https://www.latimes.com/topic/things-to-do,studiosdevelopment@latimes.com,myra.marayag@latimes.com; rebecca.castillo@latimes.com; LATeducationalsubs@latimes.com; LATimes@wrightsmedia.com; CommsDept@latimes.com; monika.khare@latimes.com,+10001975593,long beach california restaurants
www.latimes.com,https://www.latimes.com/environment,studiosdevelopment@latimes.com,myra.marayag@latimes.com; rebecca.castillo@latimes.com; LATeducationalsubs@latimes.com; LATimes@wrightsmedia.com; CommsDept@latimes.com; monika.khare@latimes.com,+10445628083,long beach california restaurants
www.latimes.com,https://www.latimes.com/lifestyle,studiosdevelopment@latimes.com,myra.marayag@latimes.com; rebecca.castillo@latimes.com; LATeducationalsubs@latimes.com; LATimes@wrightsmedia.com; CommsDept@latimes.com; monika.khare@latimes.com,+16614190000,long beach california restaurants
www.latimes.com,https://www.latimes.com/sports/clippers,studiosdevelopment@latimes.com,myra.marayag@latimes.com; rebecca.castillo@latimes.com; LATeducationalsubs@latimes.com; LATimes@wrightsmedia.com; CommsDept@latimes.com; monika.khare@latimes.com,+10001975593,long beach california restaurants
membership.latimes.com,https://membership.latimes.com/billing-info,privacy@latimes.com,membershipservices@latimes.com; customerservices@latimes.com; digitalsubs@latimes.com,+18410374097,long beach california restaurants
www.latimes.com,https://www.latimes.com/b2b/commercial-real-estate,studios@latimes.com,studiosdevelopment@latimes.com; myra.marayag@latimes.com; rebecca.castillo@latimes.com; LATeducationalsubs@latimes.com; LATimes@wrightsmedia.com; CommsDept@latimes.com; monika.khare@latimes.com,+10001974601,long beach california restaurants
x.com,https://x.com/intent/tweet?url=https%3A%2F%2Fwww.latimes.com%2Ffood%2Flist%2Fbest-new-exciting-restaurants-long-beach-guide&text=20%20exciting%20spots%20defining%20Long%20Beach%27s%20modern%20culinary%20scene,,,+11823597788,long beach california restaurants
www.latimes.com,https://www.latimes.com/b2b/ai-technology,studios@latimes.com,studiosdevelopment@latimes.com; myra.marayag@latimes.com; rebecca.castillo@latimes.com; LATeducationalsubs@latimes.com; LATimes@wrightsmedia.com; CommsDept@latimes.com; monika.khare@latimes.com,+10001975593,long beach california restaurants
www.buvonswine.com,http://www.buvonswine.com,hello@buvonswine.com,alicia@buvonswine.com; zoe@buvonswine.com; email@example.com; luna@buvonswine.com,+15105174081,long beach california restaurants
www.latimes.com,https://www.latimes.com/food/story/2025-07-14/los-angeles-love-story-restaurant-wedding-gift-cards,studiosdevelopment@latimes.com,myra.marayag@latimes.com; jenn.harris@latimes.com; rebecca.castillo@latimes.com; LATeducationalsubs@latimes.com; LATimes@wrightsmedia.com; CommsDept@latimes.com; monika.khare@latimes.com,+10001975593,long beach california restaurants
www.latimes.com,https://www.latimes.com/entertainment-arts/business,studiosdevelopment@latimes.com,myra.marayag@latimes.com; rebecca.castillo@latimes.com; LATeducationalsubs@latimes.com; LATimes@wrightsmedia.com; CommsDept@latimes.com; monika.khare@latimes.com,+10001980948,long beach california restaurants
www.latimes.com,https://www.latimes.com/sports,studiosdevelopment@latimes.com,myra.marayag@latimes.com; rebecca.castillo@latimes.com; LATeducationalsubs@latimes.com; LATimes@wrightsmedia.com; CommsDept@latimes.com; monika.khare@latimes.com,+10001949473,long beach california restaurants
maps.apple.com,https://maps.apple.com/?q=33.760581%2C-118.134929,,,+15511151231,long beach california restaurants
www.latimes.com,https://www.latimes.com/entertainment-arts/music,studiosdevelopment@latimes.com,myra.marayag@latimes.com; rebecca.castillo@latimes.com; LATeducationalsubs@latimes.com; LATimes@wrightsmedia.com; CommsDept@latimes.com; monika.khare@latimes.com,+10001975593,long beach california restaurants
www.devisdonuts.com,http://www.devisdonuts.com,271e9fa3230b4eec94b02bf95780f5f2@sentry.wixpress.com,devisdonuts@gmail.com; 2062d0a4929b45348643784b5cb39c36@sentry.wixpress.com; 7025fe2ce4ed466a9751d9607bc63a44@sentry.wixpress.com; c183baa23371454f99f417f6616b724d@sentry.wixpress.com; 0e6a29e4756740a8a63493e912ba2174@sentry.wixpress.com; 79baaa8e09c746d2b7401643b99792e0@sentry.wixpress.com; 605a7baede844d278b89dc95ae0a9123@sentry-next.wixpress.com; 8eb368c655b84e029ed79ad7a5c1718e@sentry.wixpress.com; 0c52cb89aa4d4154857a1584b6701db6@sentry.wixpress.com; 9a65e97ebe8141fca0c4fd686f70996b@sentry.wixpress.com; 8c4075d5481d476e945486754f783364@sentry.io; 460ff4620fa44cba8df530afde949785@sentry.wixpress.com; dd0a55ccb8124b9c9d938e3acf41f8aa@sentry.wixpress.com; c5095236fd2e4b8fae9ed6d73cdd81a3@sentry.wixpress.com; e0b4d631da7b4200828051f7f9c783e3@sentry-next.wixpress.com; baf30a2b91654c5a840931f0137bed30@sentry.wixpress.com; ed436f5053144538958ad06a5005e99a@sentry.wixpress.com,+11325867604,long beach california restaurants
www.latimes.com,https://www.latimes.com/food,essentialcalifornia@latimes.com,studiosdevelopment@latimes.com; myra.marayag@latimes.com; jenn.harris@latimes.com; rebecca.castillo@latimes.com; LATeducationalsubs@latimes.com; LATimes@wrightsmedia.com; CommsDept@latimes.com; monika.khare@latimes.com,+10001981247,long beach california restaurants
maps.apple.com,https://maps.apple.com/?q=33.75718%2C-118.107897,,,+17526540621,long beach california restaurants
www.latimes.com,https://www.latimes.com/sports/sparks,studiosdevelopment@latimes.com,myra.marayag@latimes.com; rebecca.castillo@latimes.com; LATeducationalsubs@latimes.com; LATimes@wrightsmedia.com; CommsDept@latimes.com; monika.khare@latimes.com,+10001828818,long beach california restaurants
www.latimes.com,https://www.latimes.com/topic/jobs-labor,studiosdevelopment@latimes.com,myra.marayag@latimes.com; rebecca.castillo@latimes.com; LATeducationalsubs@latimes.com; LATimes@wrightsmedia.com; CommsDept@latimes.com; monika.khare@latimes.com,+10001975593,long beach california restaurants
www.latimes.com,https://www.latimes.com/sports/lakers,studiosdevelopment@latimes.com,myra.marayag@latimes.com; broderick.turner@latimes.com; rebecca.castillo@latimes.com; LATeducationalsubs@latimes.com; LATimes@wrightsmedia.com; CommsDept@latimes.com; monika.khare@latimes.com,+12224227598,long beach california restaurants
www.latimes.com,https://www.latimes.com/podcasts,studiosdevelopment@latimes.com,myra.marayag@latimes.com; rebecca.castillo@latimes.com; LATeducationalsubs@latimes.com; LATimes@wrightsmedia.com; CommsDept@latimes.com; monika.khare@latimes.com,+10001975593,long beach california restaurants
www.latimes.com,https://www.latimes.com/topic/for-la-times-subscribers,studiosdevelopment@latimes.com,myra.marayag@latimes.com; rebecca.castillo@latimes.com; LATeducationalsubs@latimes.com; LATimes@wrightsmedia.com; CommsDept@latimes.com; monika.khare@latimes.com,+10001975593,long beach california restaurants
www.latimes.com,https://www.latimes.com/food/story/2022-06-23/selva-long-beach-carlos-jurado-colombian-review-addison,studiosdevelopment@latimes.com,bill.addison@latimes.com; myra.marayag@latimes.com; rebecca.castillo@latimes.com; LATeducationalsubs@latimes.com; LATimes@wrightsmedia.com; CommsDept@latimes.com; monika.khare@latimes.com,+10001966504,long beach california restaurants
www.latimes.com,https://www.latimes.com/sports/olympics,studiosdevelopment@latimes.com,myra.marayag@latimes.com; rebecca.castillo@latimes.com; LATeducationalsubs@latimes.com; LATimes@wrightsmedia.com; CommsDept@latimes.com; monika.khare@latimes.com,+10001973159,long beach california restaurants
classifieds.latimes.com,https://classifieds.latimes.com/,stillbill2@twc.com,Infosilveroselabs@gmail.com,+19495108795,long beach california restaurants
www.latimes.com,https://www.latimes.com/terms-of-service,termsofservice@latimes.com,studios@latimes.com; privacy@latimes.com; studiosdevelopment@latimes.com; myra.marayag@latimes.com; monika.khare@latimes.com; rebecca.castillo@latimes.com; LATeducationalsubs@latimes.com; LATimes@wrightsmedia.com; CommsDept@latimes.com; copyrightnotice@latimes.com,+10001799054,long beach california restaurants
membership.latimes.com,https://membership.latimes.com/,privacy@latimes.com,membershipservices@latimes.com; customerservices@latimes.com; digitalsubs@latimes.com,+18410374097,long beach california restaurants
store.latimes.com,https://store.latimes.com/,Shop_LAT_logo_copy_2_95x@2x.png,support+shoplatimes@onelive.com; rebecca.castillo@latimes.com; monika.khare@latimes.com; support%2Bshoplatimes@onelivemedia.com,+13814581311,long beach california restaurants
www.latimes.com,https://www.latimes.com/lifestyle/image/story/2022-09-13/los-intelligentsia,studiosdevelopment@latimes.com,myra.marayag@latimes.com; rebecca.castillo@latimes.com; LATeducationalsubs@latimes.com; LATimes@wrightsmedia.com; CommsDept@latimes.com; monika.khare@latimes.com,+10001975593,long beach california restaurants
www.latimes.com,https://www.latimes.com/homeless-housing,studiosdevelopment@latimes.com,myra.marayag@latimes.com; rebecca.castillo@latimes.com; LATeducationalsubs@latimes.com; LATimes@wrightsmedia.com; CommsDept@latimes.com; monika.khare@latimes.com,+10001978039,long beach california restaurants
aldersage.com,http://aldersage.com,,,+15628226314,long beach california restaurants
www.latimes.com,https://www.latimes.com/eta,studios@latimes.com,studiosdevelopment@latimes.com; myra.marayag@latimes.com; rebecca.castillo@latimes.com; LATeducationalsubs@latimes.com; LATimes@wrightsmedia.com; CommsDept@latimes.com; monika.khare@latimes.com,+10001975593,long beach california restaurants
www.latimes.com,https://www.latimes.com/california/photography,studiosdevelopment@latimes.com,myra.marayag@latimes.com; rebecca.castillo@latimes.com; LATeducationalsubs@latimes.com; LATimes@wrightsmedia.com; CommsDept@latimes.com; monika.khare@latimes.com,+10001975593,long beach california restaurants
maps.apple.com,https://maps.apple.com/?q=33.782398%2C-118.149922,,,+10003839073,long beach california restaurants
www.latimes.com,https://www.latimes.com/topic/wellness,studiosdevelopment@latimes.com,myra.marayag@latimes.com; rebecca.castillo@latimes.com; LATeducationalsubs@latimes.com; LATimes@wrightsmedia.com; CommsDept@latimes.com; monika.khare@latimes.com,+12348612459,long beach california restaurants
www.latimes.com,https://www.latimes.com/topic/arts,studiosdevelopment@latimes.com,myra.marayag@latimes.com; rebecca.castillo@latimes.com; LATeducationalsubs@latimes.com; LATimes@wrightsmedia.com; CommsDept@latimes.com; monika.khare@latimes.com,+10001975593,long beach california restaurants
marketplace.latimes.com,https://marketplace.latimes.com/,,,+12870141946,long beach california restaurants
www.latimes.com,https://www.latimes.com/food/story/2025-06-25/la-2025-michelin-star-restaurants-somni-providence-three-stars,LATimes@wrightsmedia.com,studiosdevelopment@latimes.com; myra.marayag@latimes.com; rebecca.castillo@latimes.com; LATeducationalsubs@latimes.com; stephanie.breijo@latimes.com; CommsDept@latimes.com; monika.khare@latimes.com,+10001975593,long beach california restaurants
www.tiktok.com,https://www.tiktok.com/@latimes?lang=en,example@example.com,,+16785522243,long beach california restaurants
www.latimes.com,https://www.latimes.com/entertainment-arts/awards,studiosdevelopment@latimes.com,myra.marayag@latimes.com; rebecca.castillo@latimes.com; LATeducationalsubs@latimes.com; LATimes@wrightsmedia.com; CommsDept@latimes.com; monika.khare@latimes.com,+10001975593,long beach california restaurants
www.latimes.com,https://www.latimes.com/about/for-the-record/,studios@latimes.com,studiosdevelopment@latimes.com; myra.marayag@latimes.com; readers.representative@latimes.com; rebecca.castillo@latimes.com; LATeducationalsubs@latimes.com; LATimes@wrightsmedia.com; CommsDept@latimes.com; monika.khare@latimes.com,+10001799054,long beach california restaurants
www.latimes.com,https://www.latimes.com/specialsupplements,studios@latimes.com,studiosdevelopment@latimes.com; myra.marayag@latimes.com; rebecca.castillo@latimes.com; LATeducationalsubs@latimes.com; LATimes@wrightsmedia.com; CommsDept@latimes.com; monika.khare@latimes.com,+16541588000,long beach california restaurants
www.latimes.com,https://www.latimes.com/sports/chargers,studiosdevelopment@latimes.com,myra.marayag@latimes.com; rebecca.castillo@latimes.com; LATeducationalsubs@latimes.com; LATimes@wrightsmedia.com; CommsDept@latimes.com; monika.khare@latimes.com,+10001975593,long beach california restaurants
www.latimes.com,https://www.latimes.com/food/story/2025-07-15/daves-hot-chicken-deal-success-story-billion-dollar,LATimes@wrightsmedia.com,studiosdevelopment@latimes.com; myra.marayag@latimes.com; rebecca.castillo@latimes.com; LATeducationalsubs@latimes.com; stephanie.breijo@latimes.com; CommsDept@latimes.com; monika.khare@latimes.com,+10001975593,long beach california restaurants
www.latimes.com,https://www.latimes.com/food/la-fo-patricia-escarcega-sonoratown-review-20190424-story.html,studiosdevelopment@latimes.com,myra.marayag@latimes.com; rebecca.castillo@latimes.com; LATeducationalsubs@latimes.com; LATimes@wrightsmedia.com; CommsDept@latimes.com; monika.khare@latimes.com,+16042389332,long beach california restaurants
store.latimes.com,https://store.latimes.com/?utm_source=latimes&utm_medium=homepage&utm_campaign=homepage_nav,monika.khare@latimes.com,rebecca.castillo@latimes.com; Shop_LAT_logo_copy_2_95x@2x.png,+13814581311,long beach california restaurants
www.latimes.com,https://www.latimes.com/about/public-affairs,studiosdevelopment@latimes.com,myra.marayag@latimes.com; rebecca.castillo@latimes.com; LATeducationalsubs@latimes.com; LATimes@wrightsmedia.com; CommsDept@latimes.com; monika.khare@latimes.com,+10001975593,long beach california restaurants
www.latimes.com,https://www.latimes.com/sports/soccer/galaxy,studiosdevelopment@latimes.com,myra.marayag@latimes.com; rebecca.castillo@latimes.com; LATeducationalsubs@latimes.com; LATimes@wrightsmedia.com; CommsDept@latimes.com; monika.khare@latimes.com,+10001975593,long beach california restaurants
jobs.latimes.com,https://jobs.latimes.com,,,+11295978843,long beach california restaurants
www.latimes.com,https://www.latimes.com/privacy-policy,privacy@latimes.com,studios@latimes.com; studiosdevelopment@latimes.com; myra.marayag@latimes.com; rebecca.castillo@latimes.com; LATeducationalsubs@latimes.com; LATimes@wrightsmedia.com; CommsDept@latimes.com; monika.khare@latimes.com,+10001799054,long beach california restaurants
www.latimes.com,https://www.latimes.com/topic/israel-hamas,studiosdevelopment@latimes.com,myra.marayag@latimes.com; rebecca.castillo@latimes.com; LATeducationalsubs@latimes.com; LATimes@wrightsmedia.com; CommsDept@latimes.com; monika.khare@latimes.com,+10001975593,long beach california restaurants
www.latimes.com,https://www.latimes.com/events-los-angeles-times,studiosdevelopment@latimes.com,myra.marayag@latimes.com; rebecca.castillo@latimes.com; LATeducationalsubs@latimes.com; LATimes@wrightsmedia.com; CommsDept@latimes.com; monika.khare@latimes.com,+10001975593,long beach california restaurants
maps.apple.com,https://maps.apple.com/?q=33.771557%2C-118.166226,,,+11181661987,long beach california restaurants
www.latimes.com,https://www.latimes.com/topic/election-2024,studiosdevelopment@latimes.com,myra.marayag@latimes.com; rebecca.castillo@latimes.com; LATeducationalsubs@latimes.com; LATimes@wrightsmedia.com; CommsDept@latimes.com; monika.khare@latimes.com,+10001900305,long beach california restaurants
www.latimes.com,https://www.latimes.com/food/story/2024-05-01/sushi-nikkei-peruvian-japanese-cuisine,studiosdevelopment@latimes.com,sarah.mosqueda@latimes.com; myra.marayag@latimes.com; rebecca.castillo@latimes.com; LATeducationalsubs@latimes.com; LATimes@wrightsmedia.com; CommsDept@latimes.com; monika.khare@latimes.com,+10001975593,long beach california restaurants
www.latimes.com,https://www.latimes.com/video,studiosdevelopment@latimes.com,myra.marayag@latimes.com; rebecca.castillo@latimes.com; LATeducationalsubs@latimes.com; LATimes@wrightsmedia.com; CommsDept@latimes.com; monika.khare@latimes.com,+18029414654,long beach california restaurants
www.latimes.com,https://www.latimes.com/topic/earthquakes,studiosdevelopment@latimes.com,myra.marayag@latimes.com; rebecca.castillo@latimes.com; LATeducationalsubs@latimes.com; LATimes@wrightsmedia.com; CommsDept@latimes.com; monika.khare@latimes.com,+10001975593,long beach california restaurants
www.latimes.com,https://www.latimes.com/sports/usc,studiosdevelopment@latimes.com,myra.marayag@latimes.com; rebecca.castillo@latimes.com; LATeducationalsubs@latimes.com; LATimes@wrightsmedia.com; CommsDept@latimes.com; monika.khare@latimes.com,+10001975593,long beach california restaurants
www.latimes.com,https://www.latimes.com/lifestyle/image/story/2022-09-13/trend-analysis,studiosdevelopment@latimes.com,myra.marayag@latimes.com; rebecca.castillo@latimes.com; LATeducationalsubs@latimes.com; LATimes@wrightsmedia.com; CommsDept@latimes.com; monika.khare@latimes.com,+10001981139,long beach california restaurants
membership.latimes.com,https://membership.latimes.com/privacy-settings,privacy@latimes.com,membershipservices@latimes.com; customerservices@latimes.com; digitalsubs@latimes.com,+18410374097,long beach california restaurants
www.latimes.com,https://www.latimes.com/shortdocs,studiosdevelopment@latimes.com,myra.marayag@latimes.com; rebecca.castillo@latimes.com; LATeducationalsubs@latimes.com; LATimes@wrightsmedia.com; CommsDept@latimes.com; monika.khare@latimes.com,+10001807624,long beach california restaurants
www.latimes.com,https://www.latimes.com/topic/immigration,studiosdevelopment@latimes.com,myra.marayag@latimes.com; rebecca.castillo@latimes.com; LATeducationalsubs@latimes.com; LATimes@wrightsmedia.com; CommsDept@latimes.com; monika.khare@latimes.com,+10001975593,long beach california restaurants
www.latimes.com,https://www.latimes.com/topic/op-ed,studiosdevelopment@latimes.com,myra.marayag@latimes.com; rebecca.castillo@latimes.com; LATeducationalsubs@latimes.com; LATimes@wrightsmedia.com; CommsDept@latimes.com; monika.khare@latimes.com,+17174300002,long beach california restaurants
www.latimes.com,https://www.latimes.com/about/pressreleases,studiosdevelopment@latimes.com,myra.marayag@latimes.com; rebecca.castillo@latimes.com; LATeducationalsubs@latimes.com; LATimes@wrightsmedia.com; CommsDept@latimes.com; monika.khare@latimes.com,+10001981247,long beach california restaurants
www.watchmesportsbar.com,http://www.watchmesportsbar.com,info@watchmesportsbar.com,info@watcmesportsbar.com; owner@watchmesportsbar.com; happenings.watchme@gmail.com; mymail@mailservice.com,+11470835067,long beach california restaurants
www.latimes.com,https://www.latimes.com/footersubscribe,,,+17297926368,long beach california restaurants
www.latimes.com,https://www.latimes.com/,studiosdevelopment@latimes.com,myra.marayag@latimes.com; 9f057df6115a4bb488c08ea12a835e6e@o418887.ingest.sentry.io; rebecca.castillo@latimes.com; LATeducationalsubs@latimes.com; 9f057df6115a4bb488c08ea12a835e6e@error-tracking.reddit.com; LATimes@wrightsmedia.com; carlin.stiehl@latimes.com; CommsDept@latimes.com; monika.khare@latimes.com,+12075880373,long beach california restaurants
www.latimes.com,https://www.latimes.com/b2b/consumer-goods-retail,studios@latimes.com,studiosdevelopment@latimes.com; myra.marayag@latimes.com; rebecca.castillo@latimes.com; LATeducationalsubs@latimes.com; LATimes@wrightsmedia.com; CommsDept@latimes.com; monika.khare@latimes.com,+10001975593,long beach california restaurants
maps.apple.com,https://maps.apple.com/?q=33.771258%2C-118.167482,,,+16325625209,long beach california restaurants
www.latimes.com,https://www.latimes.com/b2b,studios@latimes.com,studiosdevelopment@latimes.com; myra.marayag@latimes.com; rebecca.castillo@latimes.com; LATeducationalsubs@latimes.com; LATimes@wrightsmedia.com; CommsDept@latimes.com; monika.khare@latimes.com,+10001941901,long beach california restaurants
www.latimes.com,https://www.latimes.com/seniorresources,studiosdevelopment@latimes.com,myra.marayag@latimes.com; rebecca.castillo@latimes.com; LATeducationalsubs@latimes.com; LATimes@wrightsmedia.com; CommsDept@latimes.com; monika.khare@latimes.com; paidpost@latimes.com,+18974174526,long beach california restaurants
www.woodcoffeeco.com,http://www.woodcoffeeco.com,nolan@woodcoffeeco.com,605a7baede844d278b89dc95ae0a9123@sentry-next.wixpress.com; 8eb368c655b84e029ed79ad7a5c1718e@sentry.wixpress.com,+17681502652,long beach california restaurants
www.latimes.com,https://www.latimes.com/topic/global-warming,studiosdevelopment@latimes.com,myra.marayag@latimes.com; rebecca.castillo@latimes.com; LATeducationalsubs@latimes.com; LATimes@wrightsmedia.com; CommsDept@latimes.com; monika.khare@latimes.com,+10001974119,long beach california restaurants
www.latimes.com,https://www.latimes.com/business/story/2025-07-11/restaurants-bars-music-licensing-fees,studiosdevelopment@latimes.com,myra.marayag@latimes.com; rebecca.castillo@latimes.com; LATeducationalsubs@latimes.com; LATimes@wrightsmedia.com; CommsDept@latimes.com; monika.khare@latimes.com,+10001975593,long beach california restaurants
www.sakesecret.com,http://www.sakesecret.com,bcea6319e2dd4b1aaecfde5bec98f9ed@sentry.wixpress.com,271e9fa3230b4eec94b02bf95780f5f2@sentry.wixpress.com; 2062d0a4929b45348643784b5cb39c36@sentry.wixpress.com; c183baa23371454f99f417f6616b724d@sentry.wixpress.com; 9a65e97ebe8141fca0c4fd686f70996b@sentry.wixpress.com; 8c4075d5481d476e945486754f783364@sentry.io; 460ff4620fa44cba8df530afde949785@sentry.wixpress.com; ed436f5053144538958ad06a5005e99a@sentry.wixpress.com; dd0a55ccb8124b9c9d938e3acf41f8aa@sentry.wixpress.com; 88170cb0c9d64f94b5821ca7fd2d55a4@sentry-next.wixpress.com; 605a7baede844d278b89dc95ae0a9123@sentry-next.wixpress.com,+14281362812,long beach california restaurants
www.latimes.com,https://www.latimes.com/food/story/2025-06-12/california-dining-guides-san-diego-bay-area,studiosdevelopment@latimes.com,bill.addison@latimes.com; myra.marayag@latimes.com; rebecca.castillo@latimes.com; LATeducationalsubs@latimes.com; LATimes@wrightsmedia.com; CommsDept@latimes.com; monika.khare@latimes.com,+10001975593,long beach california restaurants
www.latimes.com,https://www.latimes.com/people/danielle-dorsey,LATimes@wrightsmedia.com,studiosdevelopment@latimes.com; myra.marayag@latimes.com; rebecca.castillo@latimes.com; LATeducationalsubs@latimes.com; danielle.dorsey@latimes.com; CommsDept@latimes.com; monika.khare@latimes.com,+10001975593,long beach california restaurants
marketplace.latimes.com,https://marketplace.latimes.com/places/types:23,,,+12616802528,long beach california restaurants
maps.apple.com,https://maps.apple.com/?q=33.775166%2C-118.173375,,,+13385734650,long beach california restaurants
maps.apple.com,https://maps.apple.com/?q=33.770238%2C-118.190004,,,+15511151231,long beach california restaurants
play.google.com,https://play.google.com/store/apps/details?id=com.apptivateme.next.la&hl=en_US,mobilesupport@latimes.com,mobile@latimes.com; asxvmprobertest@gmail.com; smart.journey.prober@gmail.com,+14264355552,long beach california restaurants
www.latimes.com,https://www.latimes.com/entertainment-arts/tv,studiosdevelopment@latimes.com,myra.marayag@latimes.com; rebecca.castillo@latimes.com; LATeducationalsubs@latimes.com; LATimes@wrightsmedia.com; CommsDept@latimes.com; monika.khare@latimes.com,+10001981255,long beach california restaurants
www.threads.net,https://www.threads.net/@latimes,,,+11752654324,long beach california restaurants
www.latimes.com,https://www.latimes.com/entertainment-arts/books,studiosdevelopment@latimes.com,myra.marayag@latimes.com; rebecca.castillo@latimes.com; LATeducationalsubs@latimes.com; LATimes@wrightsmedia.com; CommsDept@latimes.com; monika.khare@latimes.com,+10001981255,long beach california restaurants
www.latimes.com,https://www.latimes.com/topic/ukraine,studiosdevelopment@latimes.com,myra.marayag@latimes.com; rebecca.castillo@latimes.com; LATeducationalsubs@latimes.com; LATimes@wrightsmedia.com; CommsDept@latimes.com; monika.khare@latimes.com,+10001975593,long beach california restaurants
www.latimes.com,https://www.latimes.com/b2b/orange-county,studios@latimes.com,studiosdevelopment@latimes.com; myra.marayag@latimes.com; rebecca.castillo@latimes.com; LATeducationalsubs@latimes.com; LATimes@wrightsmedia.com; CommsDept@latimes.com; monika.khare@latimes.com,+10001975593,long beach california restaurants
www.latimes.com,https://www.latimes.com/games,studiosdevelopment@latimes.com,myra.marayag@latimes.com; rebecca.castillo@latimes.com; LATeducationalsubs@latimes.com; LATimes@wrightsmedia.com; CommsDept@latimes.com; monika.khare@latimes.com,+10001975593,long beach california restaurants
www.latimes.com,https://www.latimes.com/subscriber-terms-and-conditions,termsofservice@latimes.com,studios@latimes.com; studiosdevelopment@latimes.com; customerservices@latimes.com; myra.marayag@latimes.com; rebecca.castillo@latimes.com; LATeducationalsubs@latimes.com; LATimes@wrightsmedia.com; CommsDept@latimes.com; monika.khare@latimes.com,+10001799054,long beach california restaurants
www.latimes.com,https://www.latimes.com/sitemap,studios@latimes.com,studiosdevelopment@latimes.com; myra.marayag@latimes.com; rebecca.castillo@latimes.com; LATeducationalsubs@latimes.com; LATimes@wrightsmedia.com; CommsDept@latimes.com; monika.khare@latimes.com,+10001799054,long beach california restaurants
www.latimes.com,https://www.latimes.com/voices,studiosdevelopment@latimes.com,myra.marayag@latimes.com; rebecca.castillo@latimes.com; LATeducationalsubs@latimes.com; LATimes@wrightsmedia.com; CommsDept@latimes.com; monika.khare@latimes.com,+10001975593,long beach california restaurants
www.latimes.com,https://www.latimes.com/sports/rams,studiosdevelopment@latimes.com,myra.marayag@latimes.com; rebecca.castillo@latimes.com; LATeducationalsubs@latimes.com; LATimes@wrightsmedia.com; CommsDept@latimes.com; monika.khare@latimes.com,+10001975593,long beach california restaurants
www.latimes.com,https://www.latimes.com/wildfire-recovery,studios@latimes.com,studiosdevelopment@latimes.com; myra.marayag@latimes.com; rebecca.castillo@latimes.com; LATeducationalsubs@latimes.com; LATimes@wrightsmedia.com; CommsDept@latimes.com; monika.khare@latimes.com,+16058642838,long beach california restaurants
www.latimes.com,https://www.latimes.com/food/list/critics-list-best-pizza-los-angeles-bill-addison,studiosdevelopment@latimes.com,bill.addison@latimes.com; myra.marayag@latimes.com; rebecca.castillo@latimes.com; LATeducationalsubs@latimes.com; LATimes@wrightsmedia.com; CommsDept@latimes.com; monika.khare@latimes.com,+11183789215,long beach california restaurants
www.latimes.com,https://www.latimes.com/archives,studios@latimes.com,studiosdevelopment@latimes.com; myra.marayag@latimes.com; rebecca.castillo@latimes.com; LATeducationalsubs@latimes.com; LATimes@wrightsmedia.com; CommsDept@latimes.com; monika.khare@latimes.com,+10001799054,long beach california restaurants
www.speak-cheezy.com,http://www.speak-cheezy.com,info@speak-cheezy.com,,+15628370706,long beach california restaurants
www.latimes.com,https://www.latimes.com/doctors-scientists,studios@latimes.com,studiosdevelopment@latimes.com; myra.marayag@latimes.com; rebecca.castillo@latimes.com; LATeducationalsubs@latimes.com; LATimes@wrightsmedia.com; CommsDept@latimes.com; monika.khare@latimes.com,+10001978962,long beach california restaurants
www.latimes.com,https://www.latimes.com/topic/artificial-intelligence,studiosdevelopment@latimes.com,myra.marayag@latimes.com; rebecca.castillo@latimes.com; LATeducationalsubs@latimes.com; LATimes@wrightsmedia.com; CommsDept@latimes.com; monika.khare@latimes.com,+10001980948,long beach california restaurants
www.latimes.com,https://www.latimes.com/food/recipes,studiosdevelopment@latimes.com,myra.marayag@latimes.com; rebecca.castillo@latimes.com; LATeducationalsubs@latimes.com; LATimes@wrightsmedia.com; CommsDept@latimes.com; monika.khare@latimes.com,+10001981255,long beach california restaurants
www.latimes.com,https://www.latimes.com/food/story/2024-03-21/review-sophys-cambodia-town-food-music-beef-jerky,studiosdevelopment@latimes.com,myra.marayag@latimes.com; jenn.harris@latimes.com; rebecca.castillo@latimes.com; LATeducationalsubs@latimes.com; LATimes@wrightsmedia.com; CommsDept@latimes.com; monika.khare@latimes.com,+10001975593,long beach california restaurants
enewspaper.latimes.com,https://enewspaper.latimes.com/desktop/latimes/default.aspx?pubid=50435180-e58e-48b5-8e0c-236bf740270e,,,+16388825470,long beach california restaurants
maps.apple.com,https://maps.apple.com/?q=33.778828%2C-118.159541,,,+15511151231,long beach california restaurants
www.latimes.com,https://www.latimes.com/topic/mental-health,studiosdevelopment@latimes.com,myra.marayag@latimes.com; rebecca.castillo@latimes.com; LATeducationalsubs@latimes.com; LATimes@wrightsmedia.com; CommsDept@latimes.com; monika.khare@latimes.com,+12348612459,long beach california restaurants
www.latimes.com,https://www.latimes.com/weddings,studios@latimes.com,studiosdevelopment@latimes.com; myra.marayag@latimes.com; rebecca.castillo@latimes.com; LATeducationalsubs@latimes.com; LATimes@wrightsmedia.com; CommsDept@latimes.com; monika.khare@latimes.com,+10001975593,long beach california restaurants
www.latimes.com,https://www.latimes.com/lifestyle/weekend,studiosdevelopment@latimes.com,myra.marayag@latimes.com; rebecca.castillo@latimes.com; LATeducationalsubs@latimes.com; LATimes@wrightsmedia.com; CommsDept@latimes.com; monika.khare@latimes.com,+16614190000,long beach california restaurants
www.latimes.com,https://www.latimes.com/sports/hockey/ducks,studiosdevelopment@latimes.com,myra.marayag@latimes.com; rebecca.castillo@latimes.com; LATeducationalsubs@latimes.com; LATimes@wrightsmedia.com; CommsDept@latimes.com; monika.khare@latimes.com,+10001975593,long beach california restaurants
www.latimes.com,https://www.latimes.com/00000192-788e-ddaa-a39a-7abfc6b30000-123,studios@latimes.com,studiosdevelopment@latimes.com; myra.marayag@latimes.com; rebecca.castillo@latimes.com; LATeducationalsubs@latimes.com; LATimes@wrightsmedia.com; CommsDept@latimes.com; monika.khare@latimes.com,+19759280300,long beach california restaurants
www.latimes.com,https://www.latimes.com/food/story/2023-10-25/tiffani-thiessen-saved-by-the-bell-cookbook-author-food-crawl,studiosdevelopment@latimes.com,myra.marayag@latimes.com; jenn.harris@latimes.com; rebecca.castillo@latimes.com; LATeducationalsubs@latimes.com; LATimes@wrightsmedia.com; CommsDept@latimes.com; monika.khare@latimes.com,+10665633747,long beach california restaurants
www.latimes.com,https://www.latimes.com/topic/la-times-today,studiosdevelopment@latimes.com,myra.marayag@latimes.com; rebecca.castillo@latimes.com; LATeducationalsubs@latimes.com; LATimes@wrightsmedia.com; CommsDept@latimes.com; monika.khare@latimes.com,+10001975593,long beach california restaurants
www.latimes.com,https://www.latimes.com/archives/topics,studiosdevelopment@latimes.com,myra.marayag@latimes.com; rebecca.castillo@latimes.com; LATeducationalsubs@latimes.com; LATimes@wrightsmedia.com; CommsDept@latimes.com; monika.khare@latimes.com,+10001975593,long beach california restaurants
www.latimes.com,https://www.latimes.com/topic/plants,studiosdevelopment@latimes.com,myra.marayag@latimes.com; rebecca.castillo@latimes.com; LATeducationalsubs@latimes.com; LATimes@wrightsmedia.com; CommsDept@latimes.com; monika.khare@latimes.com,+10001981255,long beach california restaurants
apps.apple.com,https://apps.apple.com/us/app/la-times/id373238146,KNBCdigitalfeedback@nbcuni.com,mobilesupport@gannett.com; mobile@latimes.com; support@theatlantic.com; feedback@usatoday.com; feedback@USATODAY.com,+11748448483,long beach california restaurants
studios.latimes.com,https://studios.latimes.com/,,,+11749617144,long beach california restaurants
www.youtube.com,https://www.youtube.com/user/losangelestimes,,,+19452388879,long beach california restaurants
maps.apple.com,https://maps.apple.com/?q=33.772566%2C-118.19218,,,+15511151231,long beach california restaurants
www.latimes.com,https://www.latimes.com/food/story/2024-08-20/sonoratown-cantina-michelada-bar-los-angeles-long-beach,LATimes@wrightsmedia.com,studiosdevelopment@latimes.com; myra.marayag@latimes.com; rebecca.castillo@latimes.com; LATeducationalsubs@latimes.com; stephanie.breijo@latimes.com; CommsDept@latimes.com; monika.khare@latimes.com,+10001975593,long beach california restaurants
maps.apple.com,https://maps.apple.com/?q=33.77155%2C-118.14616,,,+17760503764,long beach california restaurants
www.latimes.com,https://www.latimes.com/topic/california-law-politics,studiosdevelopment@latimes.com,myra.marayag@latimes.com; rebecca.castillo@latimes.com; LATeducationalsubs@latimes.com; LATimes@wrightsmedia.com; CommsDept@latimes.com; monika.khare@latimes.com,+12223101080,long beach california restaurants
www.latimes.com,https://www.latimes.com/games/daily-crossword,studiosdevelopment@latimes.com,myra.marayag@latimes.com; rebecca.castillo@latimes.com; LATeducationalsubs@latimes.com; LATimes@wrightsmedia.com; CommsDept@latimes.com; monika.khare@latimes.com,+10001975593,long beach california restaurants
membership.latimes.com,https://membership.latimes.com/newsletters/,privacy@latimes.com,membershipservices@latimes.com; customerservices@latimes.com; digitalsubs@latimes.com,+18410374097,long beach california restaurants
placeanad.latimes.com,https://placeanad.latimes.com/,selfservice@latimes.com,revopps@latimes.com; %20revopps@latimes.com; SelfService@latimes.com; %20latclassifieds@latimes.com; SelfService@caltimes.com; jack.leon@latimes.com; LATclassifieds@latimes.com; customerservices@latimes.com,+11731614481,long beach california restaurants
api.whatsapp.com,https://api.whatsapp.com/send?text=20%20exciting%20spots%20defining%20Long%20Beach%27s%20modern%20culinary%20scene%20https%3A%2F%2Fwww.latimes.com%2Ffood%2Flist%2Fbest-new-exciting-restaurants-long-beach-guide,,,+15037673873,long beach california restaurants
www.youtube.com,https://www.youtube.com/losangelestimes,,,+19452388879,long beach california restaurants
www.latimes.com,https://www.latimes.com/business,studiosdevelopment@latimes.com,myra.marayag@latimes.com; rebecca.castillo@latimes.com; stacy.perman@latimes.com; LATeducationalsubs@latimes.com; LATimes@wrightsmedia.com; CommsDept@latimes.com; monika.khare@latimes.com,+10001980948,long beach california restaurants
www.latimes.com,https://www.latimes.com/sports/angels,studiosdevelopment@latimes.com,myra.marayag@latimes.com; rebecca.castillo@latimes.com; LATeducationalsubs@latimes.com; LATimes@wrightsmedia.com; CommsDept@latimes.com; monika.khare@latimes.com,+12505809912,long beach california restaurants
www.latimes.com,https://www.latimes.com/b2b/law-legal,studios@latimes.com,studiosdevelopment@latimes.com; myra.marayag@latimes.com; rebecca.castillo@latimes.com; LATeducationalsubs@latimes.com; LATimes@wrightsmedia.com; CommsDept@latimes.com; monika.khare@latimes.com,+10001975593,long beach california restaurants
www.latimes.com,https://www.latimes.com/giving,studiosdevelopment@latimes.com,myra.marayag@latimes.com; rebecca.castillo@latimes.com; LATeducationalsubs@latimes.com; LATimes@wrightsmedia.com; CommsDept@latimes.com; monika.khare@latimes.com; paidpost@latimes.com,+10001975593,long beach california restaurants
www.latimes.com,https://www.latimes.com/topic/editorials,studiosdevelopment@latimes.com,myra.marayag@latimes.com; rebecca.castillo@latimes.com; LATeducationalsubs@latimes.com; LATimes@wrightsmedia.com; CommsDept@latimes.com; monika.khare@latimes.com,+10001949989,long beach california restaurants
www.brotherskeeperbbq.com,http://www.brotherskeeperbbq.com,8eb368c655b84e029ed79ad7a5c1718e@sentry.wixpress.com,Brotherskeeperbbq@gmail.com; c183baa23371454f99f417f6616b724d@sentry.wixpress.com; 9a65e97ebe8141fca0c4fd686f70996b@sentry.wixpress.com; 8c4075d5481d476e945486754f783364@sentry.io; dd0a55ccb8124b9c9d938e3acf41f8aa@sentry.wixpress.com; 605a7baede844d278b89dc95ae0a9123@sentry-next.wixpress.com,+19899997711,long beach california restaurants
www.latimes.com,https://www.latimes.com/business/real-estate,studiosdevelopment@latimes.com,myra.marayag@latimes.com; rebecca.castillo@latimes.com; LATeducationalsubs@latimes.com; LATimes@wrightsmedia.com; CommsDept@latimes.com; monika.khare@latimes.com,+10001975593,long beach california restaurants
www.latimes.com,https://www.latimes.com/topic/mexico-americas,studiosdevelopment@latimes.com,myra.marayag@latimes.com; rebecca.castillo@latimes.com; LATeducationalsubs@latimes.com; LATimes@wrightsmedia.com; CommsDept@latimes.com; monika.khare@latimes.com,+10001975593,long beach california restaurants
maps.apple.com,https://maps.apple.com/?q=33.771433%2C-118.166023,,,+11181713926,long beach california restaurants
www.latimes.com,https://www.latimes.com/topic/la-affairs,studiosdevelopment@latimes.com,myra.marayag@latimes.com; rebecca.castillo@latimes.com; LATeducationalsubs@latimes.com; LATimes@wrightsmedia.com; CommsDept@latimes.com; monika.khare@latimes.com,+10001975593,long beach california restaurants
www.latimes.com,https://www.latimes.com/world-nation,studiosdevelopment@latimes.com,myra.marayag@latimes.com; rebecca.castillo@latimes.com; LATeducationalsubs@latimes.com; LATimes@wrightsmedia.com; CommsDept@latimes.com; monika.khare@latimes.com,+10001975593,long beach california restaurants
www.latimes.com,https://www.latimes.com/lifestyle/image/story/2022-09-13/drip-index,studiosdevelopment@latimes.com,myra.marayag@latimes.com; rebecca.castillo@latimes.com; LATeducationalsubs@latimes.com; LATimes@wrightsmedia.com; CommsDept@latimes.com; monika.khare@latimes.com,+10001833289,long beach california restaurants
www.latimes.com,https://www.latimes.com/food/story/2024-03-18/happiness-is-pickled-eggs-at-a-100-year-old-bar-in-long-beach,studiosdevelopment@latimes.com,myra.marayag@latimes.com; jenn.harris@latimes.com; rebecca.castillo@latimes.com; LATeducationalsubs@latimes.com; LATimes@wrightsmedia.com; CommsDept@latimes.com; monika.khare@latimes.com,+10001975593,long beach california restaurants
www.latimes.com,https://www.latimes.com/topic/la-politics,studiosdevelopment@latimes.com,myra.marayag@latimes.com; rebecca.castillo@latimes.com; LATeducationalsubs@latimes.com; LATimes@wrightsmedia.com; CommsDept@latimes.com; monika.khare@latimes.com,+10001975593,long beach california restaurants
www.eventbrite.com,https://www.eventbrite.com/e/current-color-series-red-tickets-1063451344599?fbclid=PAZXh0bgNhZW0CMTEAAaY86SNrz7REzSRuSedSIVruWQBgES3Tt4szuNW-W3HIsFZz-qCq9BhkzlM_aem_MEl2pJ2Q4VMkFxptu_rP-g,charity@eventbrite.com,john@example.com; sales@eventbrite.com; 578138ae4d7842fc9c31f2d3627e1cc2@o375540.ingest.sentry.io; press@eventbrite.com; b3bf521ead2a4534809e4b294dda0b39@o375540.ingest.sentry.io; orders@eventbrite.com; nonprofit@eventbrite.com; installments@eventbrite.com; ebhelp@eventbrite.com,+11091931941,long beach california restaurants
www.latimes.com,https://www.latimes.com/sports/highschool,studiosdevelopment@latimes.com,myra.marayag@latimes.com; rebecca.castillo@latimes.com; LATeducationalsubs@latimes.com; LATimes@wrightsmedia.com; CommsDept@latimes.com; monika.khare@latimes.com,+10001975593,long beach california restaurants
www.latimes.com,https://www.latimes.com/politics,studiosdevelopment@latimes.com,myra.marayag@latimes.com; rebecca.castillo@latimes.com; LATeducationalsubs@latimes.com; LATimes@wrightsmedia.com; CommsDept@latimes.com; monika.khare@latimes.com,+10001980953,long beach california restaurants
www.latimes.com,https://www.latimes.com/science,studiosdevelopment@latimes.com,myra.marayag@latimes.com; rebecca.castillo@latimes.com; LATeducationalsubs@latimes.com; LATimes@wrightsmedia.com; CommsDept@latimes.com; monika.khare@latimes.com,+10001972303,long beach california restaurants
placeanad.latimes.com,https://placeanad.latimes.com/open-house,selfservice@latimes.com,revopps@latimes.com; %20revopps@latimes.com; SelfService@latimes.com; %20latclassifieds@latimes.com; SelfService@caltimes.com; jack.leon@latimes.com; LATclassifieds@latimes.com; customerservices@latimes.com,+11731614481,long beach california restaurants
www.latimes.com,https://www.latimes.com/food/list/101-best-restaurants-los-angeles,studiosdevelopment@latimes.com,bill.addison@latimes.com; myra.marayag@latimes.com; jenn.harris@latimes.com; rebecca.castillo@latimes.com; LATeducationalsubs@latimes.com; LATimes@wrightsmedia.com; CommsDept@latimes.com; monika.khare@latimes.com; info@yangbanla.com,+12134436163,long beach california restaurants
www.latimes.com,https://www.latimes.com/sports/dodgers,studiosdevelopment@latimes.com,myra.marayag@latimes.com; rebecca.castillo@latimes.com; LATeducationalsubs@latimes.com; LATimes@wrightsmedia.com; CommsDept@latimes.com; monika.khare@latimes.com,+10001975593,long beach california restaurants
www.latimes.com,https://www.latimes.com/flyoutsubscribe,,,+17297926368,long beach california restaurants
ohlavachecheese.com,http://ohlavachecheese.com,user@domain.com,info@ohlavachecheese.com,+11608140714,long beach california restaurants
www.latimes.com,https://www.latimes.com/b2b/banking-finance,studios@latimes.com,studiosdevelopment@latimes.com; myra.marayag@latimes.com; rebecca.castillo@latimes.com; LATeducationalsubs@latimes.com; LATimes@wrightsmedia.com; CommsDept@latimes.com; monika.khare@latimes.com,+10001975593,long beach california restaurants
www.latimes.com,https://www.latimes.com/business/autos,max.kim@latimes.com,studiosdevelopment@latimes.com; myra.marayag@latimes.com; rebecca.castillo@latimes.com; LATeducationalsubs@latimes.com; LATimes@wrightsmedia.com; CommsDept@latimes.com; monika.khare@latimes.com,+12184585949,long beach california restaurants
maps.apple.com,https://maps.apple.com/?q=33.770161%2C-118.185376,,,+15511151231,long beach california restaurants
threads.net,https://threads.net/intent/post?text=20%20exciting%20spots%20defining%20Long%20Beach%27s%20modern%20culinary%20scene%20https%3A%2F%2Fwww.latimes.com%2Ffood%2Flist%2Fbest-new-exciting-restaurants-long-beach-guide,,,+17870404992,long beach california restaurants
maps.apple.com,https://maps.apple.com/?q=33.771592%2C-118.159883,,,+15511151231,long beach california restaurants
www.kitchenlingobooks.com,http://www.kitchenlingobooks.com,shop@kitchenlingobooks.com,hi@mystore.com; 13e49d785d8d4f828038b6136f3b48ba@sentry.io,+15209002129,long beach california restaurants
www.latimes.com,https://www.latimes.com/screenings,studios@latimes.com,studiosdevelopment@latimes.com; myra.marayag@latimes.com; rebecca.castillo@latimes.com; LATeducationalsubs@latimes.com; LATimes@wrightsmedia.com; CommsDept@latimes.com; monika.khare@latimes.com,+10001975593,long beach california restaurants
www.latimes.com,https://www.latimes.com/about/how-to-obtain-rights-permissions,studios@latimes.com,studiosdevelopment@latimes.com; myra.marayag@latimes.com; rebecca.castillo@latimes.com; LATeducationalsubs@latimes.com; LATimes@wrightsmedia.com; CommsDept@latimes.com; monika.khare@latimes.com,+10001799054,long beach california restaurants
www.latimes.com,https://www.latimes.com/food/story/2024-09-07/75-restaurants-closed-in-los-angeles-but-turning-point-may-be-here,studiosdevelopment@latimes.com,laurie.ochoa@latimes.com; myra.marayag@latimes.com; rebecca.castillo@latimes.com; LATeducationalsubs@latimes.com; LATimes@wrightsmedia.com; CommsDept@latimes.com; monika.khare@latimes.com,+10001975593,long beach california restaurants
www.latimes.com,https://www.latimes.com/topic/comedy,studiosdevelopment@latimes.com,myra.marayag@latimes.com; rebecca.castillo@latimes.com; LATeducationalsubs@latimes.com; LATimes@wrightsmedia.com; CommsDept@latimes.com; monika.khare@latimes.com,+10001975593,long beach california restaurants
www.latimes.com,https://www.latimes.com/lifestyle/image/story/2022-09-13/coveted,studiosdevelopment@latimes.com,myra.marayag@latimes.com; marques.harper@latimes.com; rebecca.castillo@latimes.com; LATeducationalsubs@latimes.com; LATimes@wrightsmedia.com; CommsDept@latimes.com; monika.khare@latimes.com,+10001805314,long beach california restaurants
www.latimes.com,https://www.latimes.com/travel,studiosdevelopment@latimes.com,myra.marayag@latimes.com; rebecca.castillo@latimes.com; LATeducationalsubs@latimes.com; LATimes@wrightsmedia.com; CommsDept@latimes.com; monika.khare@latimes.com,+16614190000,long beach california restaurants
www.latimes.com,https://www.latimes.com/gift-subscription-terms,termsofservice@latimes.com,studios@latimes.com; studiosdevelopment@latimes.com; customerservices@latimes.com; myra.marayag@latimes.com; rebecca.castillo@latimes.com; LATeducationalsubs@latimes.com; LATimes@wrightsmedia.com; CommsDept@latimes.com; monika.khare@latimes.com,+10001799054,long beach california restaurants
www.latimes.com,https://www.latimes.com/tips/,datadesk@latimes.com,tips@latimes.com; firstname.lastname@latimes.com,+10001981071,long beach california restaurants
www.latimes.com,https://www.latimes.com/topic/fashion,studiosdevelopment@latimes.com,myra.marayag@latimes.com; rebecca.castillo@latimes.com; LATeducationalsubs@latimes.com; LATimes@wrightsmedia.com; CommsDept@latimes.com; monika.khare@latimes.com,+12348612459,long beach california restaurants
www.latimes.com,https://www.latimes.com/about/marketing/los-angeles-times-for-students-and-educators,studiosdevelopment@latimes.com,myra.marayag@latimes.com; rebecca.castillo@latimes.com; LATeducationalsubs@latimes.com; LATimes@wrightsmedia.com; CommsDept@latimes.com; monika.khare@latimes.com,+10001975593,long beach california restaurants
www.latimes.com,https://www.latimes.com/topic/california-drought,studiosdevelopment@latimes.com,myra.marayag@latimes.com; rebecca.castillo@latimes.com; LATeducationalsubs@latimes.com; LATimes@wrightsmedia.com; CommsDept@latimes.com; monika.khare@latimes.com,+12308281004,long beach california restaurants
www.latimes.com,https://www.latimes.com/sports/ucla,studiosdevelopment@latimes.com,myra.marayag@latimes.com; rebecca.castillo@latimes.com; LATeducationalsubs@latimes.com; LATimes@wrightsmedia.com; CommsDept@latimes.com; monika.khare@latimes.com,+10001975593,long beach california restaurants
www.latimes.com,https://www.latimes.com/delos,studiosdevelopment@latimes.com,delos@latimes.com; myra.marayag@latimes.com; delos@latimes.comFollow; rebecca.castillo@latimes.com; LATeducationalsubs@latimes.com; LATimes@wrightsmedia.com; CommsDept@latimes.com; monika.khare@latimes.com,+10001975593,long beach california restaurants
oliveandrose.fullbellyfoodgroup.com,http://oliveandrose.fullbellyfoodgroup.com,reservations@oliveandroselb.com,info@oliveandroselb.com,+11562825800,long beach california restaurants
www.latimes.com,https://www.latimes.com/higher-education,studios@latimes.com,studiosdevelopment@latimes.com; myra.marayag@latimes.com; rebecca.castillo@latimes.com; LATeducationalsubs@latimes.com; LATimes@wrightsmedia.com; CommsDept@latimes.com; monika.khare@latimes.com,+10001975593,long beach california restaurants
www.reddit.com,https://www.reddit.com/submit?url=https%3A%2F%2Fwww.latimes.com%2Ffood%2Flist%2Fbest-new-exciting-restaurants-long-beach-guide&title=20%20exciting%20spots%20defining%20Long%20Beach%27s%20modern%20culinary%20scene,9f057df6115a4bb488c08ea12a835e6e@error-tracking.reddit.com,9f057df6115a4bb488c08ea12a835e6e@o418887.ingest.sentry.io,+11752654639,long beach california restaurants
www.latimes.com,https://www.latimes.com/lifestyle/image/story/2022-09-13/styling-myself,studiosdevelopment@latimes.com,myra.marayag@latimes.com; rebecca.castillo@latimes.com; LATeducationalsubs@latimes.com; LATimes@wrightsmedia.com; CommsDept@latimes.com; monika.khare@latimes.com,+10001816436,long beach california restaurants
www.latimes.com,https://www.latimes.com/obituaries,studiosdevelopment@latimes.com,myra.marayag@latimes.com; rebecca.castillo@latimes.com; LATeducationalsubs@latimes.com; LATimes@wrightsmedia.com; CommsDept@latimes.com; monika.khare@latimes.com,+10001975593,long beach california restaurants
www.latimes.com,https://www.latimes.com/food/story/2024-10-21/how-to-make-pan-de-muerto-for-day-of-the-dead-gusto-bread,studiosdevelopment@latimes.com,betty.hallock@latimes.com; myra.marayag@latimes.com; rebecca.castillo@latimes.com; LATeducationalsubs@latimes.com; LATimes@wrightsmedia.com; CommsDept@latimes.com; monika.khare@latimes.com,+10001966504,long beach california restaurants
maps.apple.com,https://maps.apple.com/?q=33.771556%2C-118.166296,,,+15511151231,long beach california restaurants
www.latimes.com,https://www.latimes.com/food/story/2025-07-14/los-angeles-restaurant-closures-shibumi-cabra-stephanie-izard-mother-tongue-verve-coffee,studiosdevelopment@latimes.com,lauren.ng@latimes.com; myra.marayag@latimes.com; rebecca.castillo@latimes.com; LATeducationalsubs@latimes.com; LATimes@wrightsmedia.com; CommsDept@latimes.com; monika.khare@latimes.com,+11610846337,long beach california restaurants
www.linkedin.com,https://www.linkedin.com/shareArticle?url=https%3A%2F%2Fwww.latimes.com%2Ffood%2Flist%2Fbest-new-exciting-restaurants-long-beach-guide&title=20%20exciting%20spots%20defining%20Long%20Beach%27s%20modern%20culinary%20scene&summary=A%20culinary%20renaissance%20is%20alive%20in%20Long%20Beach%2C%20including%20a%20French-Californian%20neo-bistro%2C%20a%20vegan%2C%20LGBTQ%2B-friendly%20coffee%20shop%20and%20the%20state%27s%20first%20women-focused%20sports%20bar.&source=Los%20Angeles%20Times,,,+15471430005,long beach california restaurants
marketplace.latimes.com,https://marketplace.latimes.com/places/categories:43,,,+12870141946,long beach california restaurants
www.latimes.com,https://www.latimes.com/entertainment-arts/movies,studiosdevelopment@latimes.com,myra.marayag@latimes.com; rebecca.castillo@latimes.com; LATeducationalsubs@latimes.com; LATimes@wrightsmedia.com; CommsDept@latimes.com; monika.khare@latimes.com,+10001975593,long beach california restaurants
www.latimes.com,https://www.latimes.com/entertainment-arts,studiosdevelopment@latimes.com,myra.marayag@latimes.com; rebecca.castillo@latimes.com; LATeducationalsubs@latimes.com; LATimes@wrightsmedia.com; CommsDept@latimes.com; monika.khare@latimes.com,+10001980948,long beach california restaurants
www.tequilajacks.com,https://www.tequilajacks.com/,,,+15626280454,long beach california restaurants
nicksrestaurants.com,https://nicksrestaurants.com/nicks/careers/,hello@nicksrestaurants.com,events@nicksrestaurants.com,+13333333333,long beach california restaurants
userway.org,https://userway.org,desk@support.userway.org,,+11525518743,long beach california restaurants
nicksrestaurants.com,https://nicksrestaurants.com/nicks/san-clemente/,hello@nicksrestaurants.com,events@nicksrestaurants.com,+13333333333,long beach california restaurants
nicksrestaurants.com,https://nicksrestaurants.com/contact/,hello@nicksrestaurants.com,events@nicksrestaurants.com,+13333333333,long beach california restaurants
hosbak.com,https://hosbak.com,hostetler@hosbak.com,,+12082078791,long beach california restaurants
maps.google.com,"https://maps.google.com/maps?q=Nick%27s+on+2nd+long+beach&hl=en&sll=38.797206,-121.303779&sspn=0.713886,1.392517&hq=Nick%27s+on+2nd&hnear=Long+Beach,+Los+Angeles,+California&t=m&z=13&iwloc=A",,,+17800456719,long beach california restaurants
nicksrestaurants.com,https://nicksrestaurants.com/nicks/gift-cards/,hello@nicksrestaurants.com,events@nicksrestaurants.com; giftcards@nicksrestaurants.com,+13333333333,long beach california restaurants
nicksrestaurants.com,https://nicksrestaurants.com/nicks/del-mar/,hello@nicksrestaurants.com,events@nicksrestaurants.com,+13333333333,long beach california restaurants
nicksrestaurants.com,https://nicksrestaurants.com/nicks/south-lake-avenue/,hello@nicksrestaurants.com,events@nicksrestaurants.com,+13333333333,long beach california restaurants
nicksrestaurants.com,http://nicksrestaurants.com/wp-content/uploads/nicks-on-2nd-food-menu.pdf,,,+19998887776,long beach california restaurants
nicksrestaurants.com,https://nicksrestaurants.com/nicks/on-2nd/,hello@nicksrestaurants.com,events@nicksrestaurants.com,+13333333333,long beach california restaurants
nicksrestaurants.com,https://nicksrestaurants.com/,,,+13333333333,long beach california restaurants
nicksrestaurants.com,https://nicksrestaurants.com/nicks/nicks-newport-beach/,hello@nicksrestaurants.com,events@nicksrestaurants.com,+13333333333,long beach california restaurants
nicksrestaurants.com,https://nicksrestaurants.com/events/,hello@nicksrestaurants.com,events@nicksrestaurants.com,+13333333333,long beach california restaurants
nicksrestaurants.com,https://nicksrestaurants.com/author/hosbak/,hello@nicksrestaurants.com,events@nicksrestaurants.com,+13333333333,long beach california restaurants
nicksrestaurants.com,https://nicksrestaurants.com/nicks/manhattan-beach/,hello@nicksrestaurants.com,events@nicksrestaurants.com,+13333333333,long beach california restaurants
www.restaurantji.com,https://www.restaurantji.com/ca/long-beach/,,,+15237285718,long beach california restaurants
www.boathouseonthebay.com,https://www.boathouseonthebay.com/,office@boathouseonthebay.com,,+15624931100,long beach california restaurants
www.google.com,https://www.google.com/maps/search/?api=1&query=Tacos%20La%20Carreta%2C%203401%20E%2069th%20St%2C%20Long%20Beach%2C%20CA%2090805%2C%20USA,,,+11750296370,long beach california restaurants
www.google.com,https://www.google.com/maps/search/?api=1&query=Gusto%20Bread%2C%202710%20E%204th%20St%2C%20Long%20Beach%2C%20CA%2090814%2C%20USA,,,+11181982293,long beach california restaurants
www.eater.com,https://www.eater.com/gastropod-podcast-episodes,,,+12779773418,long beach california restaurants
www.thrillist.com,https://www.thrillist.com/,,,+11751039538,long beach california restaurants
eatnest.com,https://eatnest.com/,user@domain.com,,+11752532456,long beach california restaurants
www.voxmedia.com,https://www.voxmedia.com/pages/licensing,popsugar@wrightsmedia.com,thedodo@wrightsmedia.com; press@voxmedia.com; thrillist@wrightsmedia.com; thestrategist@wrightsmedia.com; theverge@wrightsmedia.com,+11736960400,long beach california restaurants
www.voxmedia.com,https://www.voxmedia.com/legal/terms-of-use,press@voxmedia.com,TOS.Disputes@voxmedia.com; copyright@voxmedia.com,+11736960400,long beach california restaurants
www.youtube.com,https://www.youtube.com/user/eater1,,,+11062122087,long beach california restaurants
www.eater.com,https://www.eater.com/press-room,dane.mcmillan@voxmedia.com,lauren.starke@voxmedia.com; u003edane.mcmillan@voxmedia.com; u003elauren.starke@voxmedia.com,+18960129389,long beach california restaurants
www.voxmedia.com,https://www.voxmedia.com/legal/cookie-policy,aaron@incitecreativeinc.com,press@voxmedia.com; vmprivacy@voxmedia.com,+11736960400,long beach california restaurants
www.google.com,https://www.google.com/maps/search/?api=1&query=San%20%26%20Wolves%2C%203900%20E.%204th%20Street%2C%20Long%20Beach%2C%20CA%2C%2090814,,,+11740625196,long beach california restaurants
ajseafoodshack.com,http://ajseafoodshack.com/,info@ajseafoodshack.com,605a7baede844d278b89dc95ae0a9123@sentry-next.wixpress.com; 8eb368c655b84e029ed79ad7a5c1718e@sentry.wixpress.com,+13200012207,long beach california restaurants
www.google.com,https://www.google.com/maps/search/?api=1&query=Olive%20%26%20Rose%2C%20255%20Atlantic%20Ave%2C%20Long%20Beach%2C%20CA%2090802,,,+17657704255,long beach california restaurants
www.robertearlsbbq.com,https://www.robertearlsbbq.com/,Robertearlsr@gmail.com,,+11257988463,long beach california restaurants
www.youtube.com,https://www.youtube.com/user/eater1/videos,,,+13888000000,long beach california restaurants
www.google.com,https://www.google.com/maps/search/?api=1&query=The%20Sky%20Room%20at%20the%20Fairmont%20Breakers%2C%20210%20East%20Ocean%20Boulevard%2C%20Long%20Beach%2C%20California%2090802,,,+17657704255,long beach california restaurants
www.eater.com,http://www.eater.com/pages/eater-community-guidelines,tips@eater.com,u003etips@eater.com,+16469005148,long beach california restaurants
oliveandrose.fullbellyfoodgroup.com,https://oliveandrose.fullbellyfoodgroup.com/,reservations@oliveandroselb.com,info@oliveandroselb.com,+11562825800,long beach california restaurants
www.google.com,https://www.google.com/maps/search/?api=1&query=Ammatoli%2C%20285%20E%203rd%20St%2C%20Long%20Beach%2C%20CA%2090802%2C%20USA,,,+13113070296,long beach california restaurants
punchdrink.com,https://punchdrink.com/articles/best-new-bartenders-2025/,editorial@punchdrink.com,info@punchdrink.com; partnerships@punchdrink.com,+10992840225,long beach california restaurants
www.therenoroom.com,https://www.therenoroom.com/,renoroom@ymail.com,,+15624384590,long beach california restaurants
www.eater.com,https://www.eater.com/pages/eater-ethics-statement,,,+12782576479,long beach california restaurants
www.eater.com,https://www.eater.com/newsletters,,,+16469005148,long beach california restaurants
sushikinoya.food-places.com,http://sushikinoya.food-places.com,,,+11202285946,long beach california restaurants
longbeachize.com,https://longbeachize.com/articles/food-breakfast-bar-belmont-heights-second-location-brian-addison/,brian@longbeachize.com,,+11750539449,long beach california restaurants
www.google.com,https://www.google.com/maps/search/?api=1&query=Reno%20Room%2C%203400%20E%20Broadway%2C%20Long%20Beach%2C%20CA%2090803%2C%20USA,,,+13655321525,long beach california restaurants
www.google.com,https://www.google.com/maps/search/?api=1&query=Selva%2C%204137%20E%20Anaheim%20St%2C%20Long%20Beach%2C%20CA%2090804%2C%20USA,,,+11181439033,long beach california restaurants
www.eater.com,https://www.eater.com/rss/index.xml,,,+14232101131,long beach california restaurants
www.selvalbc.com,http://www.selvalbc.com/,,,+15579322638,long beach california restaurants
www.eater.com,https://www.eater.com/trends/892222/vegetable-dessert-restaurant-trend,,,+13557852617,long beach california restaurants
www.voxmedia.com,https://www.voxmedia.com/legal/privacy-notice,aaron@incitecreativeinc.com,press@voxmedia.com; vmprivacy@voxmedia.com,+11736960400,long beach california restaurants
www.google.com,https://www.google.com/maps/search/?api=1&query=Sal's%20Gumbo%20Shack%2C%204470%20California%20Pl%2C%20Long%20Beach%2C%20CA%2090807%2C%20USA,,,+18665686641,long beach california restaurants
status.voxmedia.com,https://status.voxmedia.com,,,+19432707626,long beach california restaurants
apps.apple.com,https://apps.apple.com/app/apple-store/id6469005148?pt=541474&ct=Eater_NavBar_1016launch&mt=8,appfeedback@nymag.com,,+17240383421,long beach california restaurants
www.google.com,https://www.google.com/maps/search/?api=1&query=Phnom%20Penh%20Noodle%20Shack%2C%201644%20Cherry%20Ave%2C%20Long%20Beach%2C%20CA%2090813%2C%20USA,,,+11150586224,long beach california restaurants
www.voxmedia.com,https://www.voxmedia.com,press@voxmedia.com,,+11736960400,long beach california restaurants
chlangden2020.wixsite.com,https://chlangden2020.wixsite.com/crystalthaicambodian,2062d0a4929b45348643784b5cb39c36@sentry.wixpress.com,605a7baede844d278b89dc95ae0a9123@sentry-next.wixpress.com; 8eb368c655b84e029ed79ad7a5c1718e@sentry.wixpress.com,+13324874038,long beach california restaurants
www.eater.com,https://www.eater.com/authors/mona-holmes,mona@eater.com,,+14132231404,long beach california restaurants
www.eater.com,https://www.eater.com/pages/about,,,+15183277480,long beach california restaurants
www.eater.com,https://www.eater.com/pages/eater-maps-methodology,,,+16469005148,long beach california restaurants
www.eater.com,https://www.eater.com/authors/brian-addison,brian.addison@gmail.com,,+16748046875,long beach california restaurants
wonhophoto.com,http://wonhophoto.com/,,,+16822519536,long beach california restaurants
www.eater.com,http://www.eater.com/pages/masthead,jordan.shalhoub@voxmedia.com,ben.mesirow@voxmedia.com; jill.dehnert@voxmedia.com; Avery.Dalal@eater.com; michelle.fox@voxmedia.com; e.jamar@voxmedia.com; gabby.lozano@voxmedia.com; murilo@eater.com; christian.moreno@voxmedia.com; thomas.daly@voxmedia.com; amanda.luansing@voxmedia.com; stefania@eater.com; stephen@eater.com; howie.burbidge@voxmedia.com; nadia.ahmad@voxmedia.com; hilary.pollack@voxmedia.com; lucy@eater.com; emily.venezky@voxmedia.com; kaitlin.bray@voxmedia.com; connor.reid@voxmedia.com; nat.belkov@voxmedia.com; carla@eater.com; sergio.scardigno@voxmedia.com; zoe.becker@eater.com; Talia.Baiocchi@voxmedia.com; allison.hamlin@voxmedia.com; frances.dumlao@voxmedia.com; lillehammer.allen@voxmedia.com,+19097105025,long beach california restaurants
www.google.com,https://www.google.com/maps/search/?api=1&query=Nonna%20Mercato%2C%203722%20Atlantic%20Ave%2C%20Long%20Beach%2C%20CA%2090807%2C%20USA,,,+11671713570,long beach california restaurants
www.eater.com,https://www.eater.com/2016/12/15/13962822/eater-pitching-guidelines-how-to-pitch,visuals@eater.com,shopping@eater.com; travel@eater.com; detroit@eater.com; boston@eater.com; vegas@eater.com; u003evoices@eater.com; u003evisuals@eater.com; sf@eater.com; u003etravel@eater.com; voices@eater.com; u003eeditor@eater.com; production@eater.com; seattle@eater.com; dc@eater.com; chicago@eater.com; dallas@eater.com; nola@eater.com; minneapolis@eater.com; u003eshopping@eater.com; la@eater.com; phoenix@eater.com; sandiego@eater.com; cooking@eater.com; u003ecooking@eater.com; u003eproduction@eater.com; nashville@eater.com; philly@eater.com; carolinas@eater.com; editor@eater.com; houston@eater.com; atlanta@eater.com; ny@eater.com; pdx@eater.com; miami@eater.com,+14861221193,long beach california restaurants
www.google.com,https://www.google.com/maps/search/?api=1&query=Sushi%20Kinoya%2C%205521%20E%20Stearns%20St%2C%20Long%20Beach%2C%20CA,,,+17962293940,long beach california restaurants
www.google.com,https://www.google.com/maps/search/?api=1&query=Crystal%20Thai-Cambodian%20Cuisine%2C%201165%20E%2010th%20St%2C%20Long%20Beach%2C%20CA%2090813%2C%20USA,,,+13420211313,long beach california restaurants
www.surakbbq.com,http://www.surakbbq.com/,,,+15624957872,long beach california restaurants
www.sanandwolves.com,https://www.sanandwolves.com/,INFO@sanandwolves.com,13e49d785d8d4f828038b6136f3b48ba@sentry.io,+11617852835,long beach california restaurants
www.nonnamercato.com,https://www.nonnamercato.com/,,,+11147032452,long beach california restaurants
www.sanandwolves.com,https://www.sanandwolves.com/cake,info@sanandwolves.com,INFO@sanandwolves.com; 13e49d785d8d4f828038b6136f3b48ba@sentry.io,+11627948137,long beach california restaurants
www.ammatoli.com,http://www.ammatoli.com/,info@ammatoli.com,,+14209983348,long beach california restaurants
www.fairmont-breakers.com,https://www.fairmont-breakers.com/dine/sky-room/,,,+11752169054,long beach california restaurants
www.eater.com,https://www.eater.com/dining-out/890659/kato-los-angeles-chef-jon-yao-video,,,+14861221193,long beach california restaurants
gastronomyblog.com,https://gastronomyblog.com/,,,+15423677033,long beach california restaurants
www.google.com,https://www.google.com/maps/search/?api=1&query=Lola%E2%80%99s%20Mexican%20Cuisine%2C%202030%20E%204th%20St%20(at%20Cherry%20Ave.)%2C%20Long%20Beach%2C%20CA%2090814,,,+11749781718,long beach california restaurants
www.google.com,https://www.google.com/maps/search/?api=1&query=A%26J%20Seafood%20Shack%2C%203201%20E%20Anaheim%20St%2C%20Long%20Beach%2C%20CA%2090804%2C%20USA,,,+13919280466,long beach california restaurants
www.lolasmexicancuisine.com,http://www.lolasmexicancuisine.com/,,,+11604127293,long beach california restaurants
punchdrink.com,https://punchdrink.com/,editorial@punchdrink.com,info@punchdrink.com; partnerships@punchdrink.com,+11709165723,long beach california restaurants
www.google.com,https://www.google.com/maps/search/?api=1&query=The%20Breakfast%20Bar%2C%2070%20Atlantic%20Ave%20(East%20Malta%20Way)%2C%20Long%20Beach%2C%20CA%2090802,,,+17657704255,long beach california restaurants
wonhophoto.com,https://wonhophoto.com/,,,+16822519536,long beach california restaurants
www.voxmedia.com,https://www.voxmedia.com/legal/accessibility,press@voxmedia.com,accessibility@voxmedia.com,+11736960400,long beach california restaurants
www.google.com,https://www.google.com/maps/search/?api=1&query=Robert%20Earl's%20BBQ%2C%20703%20E%20Artesia%20Blvd%2C%20Long%20Beach%2C%20CA%2090805%2C%20USA,,,+11181837318,long beach california restaurants
www.google.com,https://www.google.com/maps/search/?api=1&query=Sura%20Korean%20BBQ%20%26%20Tofu%20House%2C%20621%20Atlantic%20Ave%2C%20Long%20Beach%2C%20CA,,,+11181852319,long beach california restaurants
www.the-breakfast-bar.com,http://www.the-breakfast-bar.com,info@the-breakfast-bar.com,,+11000500957,long beach california restaurants
www.eater.com,https://www.eater.com/2017/11/1/16572850/send-secure-tips-to-eater,u003enational@eater.com,la@eater.com; national@eater.com; chicago@eater.com; u003echicago@eater.com; u003ela@eater.com,+14861221193,long beach california restaurants
travellemming.com,https://travellemming.com/,contact@travellemming.com,,+19003968982,long beach california restaurants
open.spotify.com,https://open.spotify.com/show/5QKwB1Ygd4S8wga7pq3izp,,,+11748290033,long beach california restaurants
travellemming.com,https://travellemming.com/best-places-to-travel-2025/,contact@travellemming.com,,+19003968982,long beach california restaurants
travellemming.com,https://travellemming.com/news/,contact@travellemming.com,,+12237260337,long beach california restaurants
travellemming.com,https://travellemming.com/editorial-process/,contact@travellemming.com,,+19003968982,long beach california restaurants
travellemming.com,https://travellemming.com/subscribe/travel-lemming-passport-annual/,,,+12768321191,long beach california restaurants
travellemming.com,https://travellemming.com/privacy-policy/,contact@travellemming.com,,+14447744046,long beach california restaurants
travellemming.com,https://travellemming.com/tours/tour-conditions/,contact@travellemming.com,,+19003968982,long beach california restaurants
travellemming.com,https://travellemming.com/opinion/,contact@travellemming.com,,+15851185559,long beach california restaurants
travellemming.com,https://travellemming.com/contact/,contact@travellemming.com,,+19003968982,long beach california restaurants
www.pinterest.com,https://www.pinterest.com/travellemming/,resfeberresfeber@gmail.com,travelplusfamily@gmail.com,+11543410481,long beach california restaurants
travellemming.com,https://travellemming.com/advertising-policy/,contact@travellemming.com,,+15851185559,long beach california restaurants
travellemming.com,https://travellemming.com/cities-in-washington/,contact@travellemming.com,john@example.com,+11205058987,long beach california restaurants
travellemming.com,https://travellemming.com/perspectives/,contact@travellemming.com,john@example.com,+10411130430,long beach california restaurants
www.youtube.com,https://www.youtube.com/c/TravelLemming,,,+13888000000,long beach california restaurants
travellemming.com,https://travellemming.com/terms-of-use/,contact@travellemming.com,,+10705122612,long beach california restaurants
travellemming.com,https://travellemming.com/community/,contact@travellemming.com,,+15498930729,long beach california restaurants
travellemming.com,https://travellemming.com/refund-returns-policy/,contact@travellemming.com,,+15874404655,long beach california restaurants
travellemming.com,https://travellemming.com/destinations/,contact@travellemming.com,,+19003968982,long beach california restaurants
travellemming.com,https://travellemming.com/about/,contact@travellemming.com,,+11024223126,long beach california restaurants
travellemming.com,https://travellemming.com/long-beach/,contact@travellemming.com,,+17970397478,long beach california restaurants
travellemming.com,https://travellemming.com/story-of-travel-lemming/,contact@travellemming.com,john@example.com,+13838313939,long beach california restaurants
podcasts.apple.com,https://podcasts.apple.com/us/podcast/the-travel-lemming-podcast/id1775998576,,,+11000714711,long beach california restaurants
travellemming.com,https://travellemming.com/freelance-jobs/,contact@travellemming.com,,+15665515744,long beach california restaurants
travellemming.com,https://travellemming.com/lakes-in-colorado/,contact@travellemming.com,,+12821212820,long beach california restaurants
www.youtube.com,https://www.youtube.com/@TheTravelLemmingPodcast,,,+10860030055,long beach california restaurants
travellemming.com,https://travellemming.com/author/mckenna-mobley/,contact@travellemming.com,,+19003968982,long beach california restaurants
www.tiktok.com,https://www.tiktok.com/@travellemming,example@example.com,,+11650691798,long beach california restaurants
travellemming.com,https://travellemming.com/usa/,contact@travellemming.com,john@example.com,+19003968982,long beach california restaurants
travellemming.com,https://travellemming.com/passport/,contact@travellemming.com,travel@travellemming.com,+19397849985,long beach california restaurants
travellemming.com,https://travellemming.com/accessibility/,contact@travellemming.com,,+14726242422,long beach california restaurants
www.meetup.com,https://www.meetup.com/pro/travel-lemming/,,,+15489959080,long beach california restaurants
travellemming.com,https://travellemming.com/travel-tips/,contact@travellemming.com,,+15851185559,long beach california restaurants
travellemming.com,https://travellemming.com/california/,contact@travellemming.com,,+17970397478,long beach california restaurants
food.google.com,https://food.google.com/chooseprovider?restaurantId=/g/113j54gt9&g2lbs=ALgbXSoAlcYgVLzjOlGJmAiIoj1bXsHNNr3aX5FPhrP3hVHWXPKG7YI38JKU6zy22gLsl-0magtz&hl=en-US&gl=us&ssta=1&fo_m=MfohQo559jFvMWwP9igWZeWQMczq7voErUdXMT_RFPQ05bfKMQVr5-7IofUJMU_hT8vrWuwRMUOzJVpj,,,+19285631020,long beach california restaurants
www.eatlupes.com,https://www.eatlupes.com/,,,+18582924067,long beach california restaurants
heritagerestaurant.fullbellyfoodgroup.com,https://heritagerestaurant.fullbellyfoodgroup.com/,info@heritagerestaurantlb.com,reservations@heritagerestaurantlb.com,+15623431068,long beach california restaurants
www.thrillist.com,https://www.thrillist.com/thrillist-ethics-statement,,,+11751039538,long beach california restaurants
www.thrillist.com,https://www.thrillist.com/thrillist-community-guidelines,ask@thrillist.com,u003eask@thrillist.com,+11751039538,long beach california restaurants
www.voxmedia.com,https://www.voxmedia.com/legal/terms-of-use,press@voxmedia.com,TOS.Disputes@voxmedia.com; copyright@voxmedia.com,+11736960400,long beach california restaurants
www.voxmedia.com,https://www.voxmedia.com/press,press@voxmedia.com,anthony@adexchanger.com,+11752653421,long beach california restaurants
www.thrillist.com,https://www.thrillist.com/travel/nation/things-to-do-budapest-hungary,,,+11751039538,long beach california restaurants
www.voxmedia.com,https://www.voxmedia.com/pages/careers-jobs,press@voxmedia.com,,+11736960400,long beach california restaurants
postmates.com,https://postmates.com/store/la-chancla-mexican-grill/FoA-Tt0PSZqyZ0ARhMtenw?diningMode=PICKUP&pl=JTdCJTIyYWRkcmVzcyUyMiUzQSUyMjgyMiUyME9iaXNwbyUyMEF2ZSUyMiUyQyUyMnJlZmVyZW5jZSUyMiUzQSUyMmJjZTU0NGM0LTc5ZjYtMmVjZS04NTFlLTNmMjk1MjIzYzRhMSUyMiUyQyUyMnJlZmVyZW,,,+19105657660,long beach california restaurants
www.voxmedia.com,https://www.voxmedia.com/legal/cookie-policy,aaron@incitecreativeinc.com,press@voxmedia.com; vmprivacy@voxmedia.com,+11736960400,long beach california restaurants
voxmedia.com,https://voxmedia.com,press@voxmedia.com,,+11736960400,long beach california restaurants
lbpost.com,https://lbpost.com/news/when-long-beach-truly-iowa-sea/,tim@lbpost.com,,+12513274122,long beach california restaurants
www.thrillist.com,https://www.thrillist.com/authors/gab-chabran,,,+11751039538,long beach california restaurants
www.thrillist.com,https://www.thrillist.com/travel/nation/things-to-do-london,,,+11751039538,long beach california restaurants
www.thrillist.com,https://www.thrillist.com/travel/nation/things-to-do-cancun-mexico,,,+11751039538,long beach california restaurants
www.hatchethallla.com,http://www.hatchethallla.com/,careers@lamryan.com,info@hatchethallla.com; george@lamryan.com,+11706045505,long beach california restaurants
www.thrillist.com,https://www.thrillist.com/travel/nation/things-to-do-lisbon-portugal,,,+11751039538,long beach california restaurants
www.thrillist.com,https://www.thrillist.com/authors/danielle-dorsey,,,+11715014740,long beach california restaurants
www.voxmedia.com,https://www.voxmedia.com/legal/privacy-notice,aaron@incitecreativeinc.com,press@voxmedia.com; vmprivacy@voxmedia.com,+11736960400,long beach california restaurants
www.thrillist.com,https://www.thrillist.com/travel/nation/things-to-do-paris-france,,,+11751039538,long beach california restaurants
en.wikipedia.org,https://en.wikipedia.org/wiki/Levant,ajax-loader@2x.gif,,+11295905060,long beach california restaurants
www.connieandteds.com,https://www.connieandteds.com/,info@connieandteds.com,,+15955545453,long beach california restaurants
www.thrillist.com,https://www.thrillist.com/thrillist-about-us,,,+11751039538,long beach california restaurants
threegemstea.com,https://threegemstea.com/,your-email@example.com,hello@threegemstea.com,+11643329302,long beach california restaurants
www.youtube.com,https://www.youtube.com/thrillist,,,+11752655037,long beach california restaurants
corp.voxmedia.com,https://corp.voxmedia.com/vox-creative,advertising@voxmedia.com,,,long beach california restaurants
direct.chownow.com,https://direct.chownow.com/order/24019/locations/35255,,,+18386252841,long beach california restaurants
www.thrillist.com,https://www.thrillist.com/travel/nation/things-to-do-athens-greece,,,+11751039538,long beach california restaurants
www.seabirdskitchen.com,https://www.seabirdskitchen.com/,user@domain.com,stephanie@seabirdskitchen.com,+11712079871,long beach california restaurants
www.pinterest.com,https://www.pinterest.com/thrillist/,,,+19322969723,long beach california restaurants
www.thrillist.com,https://www.thrillist.com/travel/nation/things-to-do-in-montego-bay-jamaica,,,+11751039538,long beach california restaurants
www.thrillist.com,https://www.thrillist.com/travel/nation/things-to-do-tokyo-japan,,,+11751039538,long beach california restaurants
heritage.fullbellyfoodgroup.com,https://heritage.fullbellyfoodgroup.com/,wordpress@example.com,info@heritagerestaurantlb.com; reservations@heritagerestaurantlb.com,+11562343106,long beach california restaurants
www.the4thhorsemanlbc.com,https://www.the4thhorsemanlbc.com/,info@the4thhorsemanlbc.com,,+15625133394,long beach california restaurants
ellieslbc.com,https://ellieslbc.com/gingers,hello@ellieslbc.com,,+11000005277,long beach california restaurants
www.thrillist.com,https://www.thrillist.com/topics/trends,,,+11751039538,long beach california restaurants
www.tiktok.com,https://www.tiktok.com/@thrillist?lang=en,example@example.com,,+11650691798,long beach california restaurants
www.timeout.com,https://www.timeout.com/los-angeles/restaurants/l-e-oyster-bar,comercial.es@timeout.com,leitores.porto@timeout.com; yumi.martial@timeout.com; editor.tosg@timeout.com; global.social@timeout.com; partnerships@timeout.comMedia; leitores.porto@timeout.comMagazine; lector.cat@timeout.comAdvertising; marketing@timeout.com; infonyc@timeoutmarket.com; letters.la@timeout.comAdvertising; steffany.casanova@timeout.comMagazine; marketing@timeout.comWork; advertising@au.timeout.com; global.social@timeout.comPress; online@au.timeout.com; elise.bucholtz@timeout.com; steffany.casanova@timeout.com; info.hk@timeout.com; adlane.djied@timeout.com; privacy@timeout.com; redaccio.cat@timeout.com; offers@timeout.com; timeout@subscriptionhelpline.co.ukData; hello-us@timeout.comMagazine; advertising.tohk@timeout.com; PR@timeoutmarket.com; hello-us@timeout.comAdvertising; leitores.porto@timeout.comAdvertising; hello@timeout.comAdvertising; online@au.timeout.comMarketing; tomarketinfo@timeoutmarket.com; info.capetown@timeoutmarket.com; advertising.us@timeout.com; hello-us@timeout.com; letters.la@timeout.com; marketing.cat@timeout.com; comercial.cat@timeout.com; tomarketinfo@timeoutmarket.comTime; jeffy.mai@timeout.com; contact.tosg@timeout.comAdvertising; infoboston@timeoutmarket.com; leitores@timeout.comBusiness; editor.hk@timeout.com; mediapartnerships@timeout.com; investor_relations@timeout.com; premium.support@timeout.com; geral@timeout.com; hello@timeout.com; hello@timeout.comUSA; marketing@au.timeout.com; deborah.russell.usc@timeout.com; timeout@subscriptionhelpline.co.uk; jeffy.mai@timeout.comMagazine; lector.es@timeout.comAdvertising; elise.bucholtz@timeout.comEditorial; publicidade@timeout.com; editor.hk@timeout.comAdvertising; timeoutdist@timeout.com; infolisboa@timeoutmarket.comFor; uk.sales@timeout.com; pr@timeout.com; letters.ny@timeout.com; hello@timeout.comSocial; tmycustserv@cdsfulfillment.com; redaccion.es@timeout.com; contact.tosg@timeout.com; geral@timeout.comAdvertising; advertising@au.timeout.comClient; infolisboa@timeoutmarket.com; advertising.tosg@timeout.com; lector.es@timeout.com; infochicago@timeoutmarket.com; bonjour-montreal@timeout.com; publicidade@timeout.comAudience; leitores@timeout.com; premium.support@timeout.comGeneral; partnerships@timeout.com; marketing@au.timeout.comWork; offers@timeout.comEditorial; letters.la@timeout.comMagazine; redaccio.cat@timeout.comMarketing; lector.cat@timeout.com; tomarketinfo@timeoutmarket.comFor; steven.newman.usc@timeout.com; advertising.tosg@timeout.comEditorial,+13844758661,long beach california restaurants
gustobread.com,https://gustobread.com/,hola@gustobread.com,,+11750704742,long beach california restaurants
www.thrillist.com,https://www.thrillist.com/thrillist-how-to-pitch,pitches@thrillist.com,u003epitches@thrillist.com; production@thrillist.com; u003eproduction@thrillist.com,+11751039538,long beach california restaurants
www.voxmedia.com,https://www.voxmedia.com/legal/accessibility,press@voxmedia.com,accessibility@voxmedia.com,+11736960400,long beach california restaurants
www.thrillist.com,https://www.thrillist.com/thrillist-event-guides,izzy.baskette@voxmedia.com,,+11749483977,long beach california restaurants
www.thrillist.com,https://www.thrillist.com/travel/nation/things-to-do-munich-bavaria-germany,,,+11751039538,long beach california restaurants
www.thrillist.com,https://www.thrillist.com/travel/nation/things-to-do-hong-kong,izzy.baskette@voxmedia.com,,+11751039538,long beach california restaurants
www.ubereats.com,https://www.ubereats.com/store/casa-chaskis/dSSFcCEpRxiaCmoLfJc7Dw,,,+19105657660,long beach california restaurants
